edge_id,vertex_start_id,vertex_end_id
0,1,0
1,1,4
2,1,7
3,10,9
4,10,13
5,1427,17
6,1427,20
7,2916,24
8,2916,27
9,6587,30
10,6588,32
11,436,35
12,436,38
13,3950,42
14,3950,45
15,54,48
16,54,51
17,7,8
18,6544,56
19,6544,58
20,79,60
21,79,62
22,66,64
23,66,67
24,67,68
25,67,69
26,69,73
27,69,74
28,75,77
29,75,78
30,59,81
31,64,65
32,64,66
33,65,70
34,65,71
35,65,72
36,1050,82
37,1050,85
38,89,87
39,89,91
40,95,94
41,95,96
42,95,100
43,3059,6589
44,3059,6590
45,3054,104
46,6591,107
47,108,109
48,108,111
49,3004,113
50,119,115
51,119,117
52,460,119
53,6592,120
54,5437,122
55,5437,124
56,448,126
57,448,127
58,111,112
59,130,129
60,130,133
61,137,136
62,137,140
63,137,145
64,136,137
65,136,138
66,136,139
67,138,149
68,138,150
69,138,151
70,156,158
71,156,159
72,156,163
73,163,164
74,159,160
75,159,161
76,159,162
77,162,168
78,162,169
79,162,170
80,2095,177
81,2095,180
82,797,183
83,797,187
84,1765,190
85,1765,192
86,4314,195
87,4314,198
88,1692,201
89,1692,204
90,203,207
91,203,211
92,203,215
93,211,212
94,211,213
95,211,214
96,217,227
97,217,228
98,231,229
99,231,233
100,231,236
101,242,241
102,242,245
103,255,249
104,255,253
105,255,256
106,266,261
107,266,264
108,308,267
109,308,268
110,267,6593
111,273,270
112,273,271
113,273,275
114,273,277
115,120,121
116,285,284
117,285,287
118,285,289
119,295,294
120,295,298
121,295,299
122,283,301
123,301,302
124,301,303
125,311,307
126,311,309
127,317,311
128,4406,312
129,4406,315
130,319,318
131,319,322
132,319,326
133,271,272
134,271,273
135,271,274
136,275,276
137,334,333
138,334,336
139,334,339
140,230,342
141,230,346
142,230,347
143,352,351
144,352,355
145,352,360
146,1572,363
147,1572,366
148,3634,369
149,3634,371
150,375,374
151,375,6594
152,374,375
153,374,376
154,374,377
155,374,378
156,379,386
157,379,387
158,379,392
159,387,388
160,387,389
161,387,390
162,387,391
163,408,405
164,408,409
165,745,411
166,745,6595
167,413,412
168,413,415
169,413,419
170,426,422
171,426,425
172,426,428
173,38,39
174,38,40
175,38,41
176,439,438
177,439,441
178,133,134
179,133,135
180,5453,449
181,5453,452
182,2464,454
183,2464,457
184,455,459
185,455,461
186,2341,463
187,589,466
188,589,469
189,516,472
190,480,475
191,480,478
192,6596,483
193,6597,484
194,489,487
195,489,491
196,489,493
197,970,496
198,970,499
199,5713,502
200,5713,505
201,517,508
202,517,511
203,508,509
204,508,510
205,510,514
206,510,515
207,361,516
208,361,517
209,1987,519
210,1987,522
211,525,523
212,525,527
213,525,530
214,540,534
215,540,538
216,177,178
217,177,179
218,85,86
219,37,546
220,37,549
221,555,554
222,555,558
223,555,562
224,569,565
225,569,568
226,573,572
227,573,576
228,573,579
229,2308,583
230,2308,586
231,673,589
232,673,590
233,594,593
234,594,597
235,594,600
236,628,603
237,628,606
238,5988,610
239,5988,613
240,619,617
241,619,621
242,619,625
243,576,577
244,576,578
245,578,6598
246,578,631
247,656,633
248,656,636
249,646,639
250,646,642
251,648,647
252,652,650
253,652,654
254,655,656
255,655,657
256,663,661
257,663,666
258,663,670
259,647,648
260,647,649
261,637,655
262,370,677
263,370,680
264,5886,683
265,5886,685
266,3110,688
267,3110,692
268,187,188
269,187,189
270,701,698
271,701,702
272,702,703
273,702,704
274,4297,709
275,4297,712
276,712,713
277,712,714
278,712,715
279,715,722
280,715,723
281,729,728
282,729,732
283,729,737
284,740,741
285,740,745
286,101,746
287,101,747
288,101,752
289,2602,756
290,2602,760
291,766,763
292,766,768
293,766,772
294,766,776
295,781,780
296,781,784
297,781,788
298,193,792
299,193,796
300,780,781
301,780,782
302,780,783
303,806,805
304,811,810
305,811,815
306,820,819
307,820,824
308,820,827
309,819,820
310,819,821
311,819,822
312,819,823
313,773,839
314,773,843
315,773,844
316,6519,847
317,6519,850
318,763,764
319,763,765
320,763,766
321,763,767
322,862,855
323,862,859
324,481,863
325,481,867
326,481,870
327,872,871
328,872,875
329,872,879
330,875,876
331,875,877
332,875,878
333,965,888
334,965,891
335,895,894
336,895,897
337,899,901
338,899,903
339,899,907
340,472,473
341,472,474
342,753,880
343,753,881
344,753,882
345,922,919
346,922,923
347,920,924
348,920,925
349,930,928
350,930,932
351,930,935
352,940,939
353,940,943
354,940,947
355,940,951
356,955,954
357,955,957
358,955,961
359,888,889
360,888,890
361,5293,967
362,5293,968
363,933,969
364,933,972
365,933,976
366,2695,980
367,2695,983
368,987,986
369,991,990
370,991,994
371,991,998
372,1003,1002
373,1010,1005
374,1010,1009
375,1010,1013
376,978,1018
377,978,1019
378,978,1023
379,978,1024
380,356,1028
381,356,1029
382,356,1030
383,356,1034
384,355,356
385,355,357
386,355,358
387,355,359
388,1046,1045
389,1046,1049
390,1045,1046
391,1045,1047
392,1045,1048
393,1062,1057
394,1062,1060
395,1055,1061
396,1055,1062
397,1055,1063
398,1074,1067
399,1074,1071
400,1077,1075
401,1077,1078
402,1077,1082
403,835,1086
404,835,1091
405,835,1095
406,822,832
407,822,833
408,822,834
409,822,835
410,88,1087
411,88,1088
412,88,1089
413,88,1090
414,1081,1101
415,1081,1102
416,1081,1103
417,50,1107
418,50,1111
419,50,1112
420,48,49
421,48,50
422,1119,1117
423,1119,1121
424,1119,1124
425,1119,1127
426,1123,1130
427,1123,1133
428,1136,1134
429,1136,1138
430,1136,1140
431,57,1141
432,57,1142
433,1147,1145
434,1150,1148
435,1154,1152
436,1154,1156
437,564,1159
438,564,1163
439,564,1167
440,4813,1169
441,4813,1172
442,245,246
443,245,247
444,245,248
445,557,1181
446,557,1185
447,557,1186
448,557,1191
449,1182,1194
450,1196,1195
451,1196,1199
452,1196,1203
453,1180,1207
454,1180,1211
455,1215,1214
456,1215,1218
457,1215,1222
458,1228,1226
459,1228,1231
460,1228,1235
461,1228,1239
462,1175,1243
463,1175,1248
464,1175,1249
465,1254,1250
466,1254,1253
467,1254,1257
468,342,343
469,342,344
470,342,345
471,235,1264
472,235,1265
473,1270,1268
474,1270,1272
475,1270,1276
476,1283,1280
477,1283,1284
478,338,1269
479,338,1270
480,338,1271
481,1277,1281
482,1277,1282
483,1277,1283
484,348,1273
485,348,1274
486,348,1275
487,1276,1277
488,1276,1278
489,1276,1279
490,1279,1291
491,1279,1292
492,1296,1295
493,1296,1299
494,1296,1302
495,1311,1307
496,1311,1312
497,1311,1316
498,1311,1321
499,320,1308
500,320,1309
501,320,1310
502,320,1311
503,903,904
504,903,905
505,903,906
506,1333,1335
507,1333,1338
508,1006,1339
509,1006,1342
510,1339,1340
511,1339,1341
512,359,1041
513,359,1042
514,359,1043
515,359,1044
516,1034,1035
517,1034,1036
518,1034,1037
519,1037,1362
520,1037,1363
521,1037,1364
522,357,1038
523,357,1039
524,357,1040
525,20,21
526,20,22
527,20,23
528,473,908
529,473,909
530,1383,1381
531,1383,1385
532,1383,1389
533,1382,1393
534,1382,1394
535,1382,1399
536,1382,1403
537,362,1406
538,362,1407
539,1394,1395
540,1394,1396
541,1394,1397
542,1394,1398
543,13,14
544,13,15
545,13,16
546,15,1424
547,15,1425
548,15,1426
549,1434,1435
550,1434,1439
551,1434,1440
552,1426,1432
553,1426,1433
554,1426,1434
555,1447,1443
556,1447,1448
557,2389,1451
558,2389,1453
559,2331,1455
560,2331,1456
561,1457,1459
562,469,470
563,469,471
564,1462,1467
565,1462,1470
566,1462,1471
567,1456,1457
568,1456,1458
569,1477,1475
570,1477,1479
571,1484,1483
572,1484,1486
573,1484,1489
574,737,738
575,737,739
576,737,740
577,1476,1499
578,1476,1500
579,1476,1501
580,732,733
581,732,734
582,732,735
583,732,736
584,1517,1514
585,1517,1519
586,394,1520
587,394,1521
588,394,1522
589,1515,1527
590,1515,1530
591,1515,1531
592,399,1532
593,399,1533
594,399,1534
595,393,1515
596,393,1516
597,393,1517
598,393,1518
599,389,397
600,389,398
601,389,399
602,389,400
603,1540,1538
604,1540,1542
605,1540,1546
606,1540,1550
607,1538,1539
608,1538,1540
609,1538,1541
610,1560,1558
611,1560,1562
612,1559,1565
613,1559,1566
614,711,1547
615,711,1548
616,711,1549
617,694,1574
618,694,1578
619,694,1582
620,1587,1586
621,1587,1590
622,1587,1593
623,1587,1598
624,1593,1594
625,1593,1595
626,1593,1596
627,1593,1597
628,199,1611
629,199,1615
630,199,1618
631,1592,1603
632,1592,1604
633,1599,1621
634,1599,1625
635,1599,1626
636,1629,1627
637,1629,1631
638,1629,1634
639,1374,1637
640,1374,1638
641,1374,1639
642,1640,1643
643,1640,1647
644,1640,1648
645,468,1651
646,468,1652
647,1473,1655
648,1473,1658
649,1473,1662
650,1666,1665
651,1666,1669
652,1666,1673
653,1453,1454
654,1679,1678
655,1679,1681
656,1679,1684
657,1679,1687
658,1684,1685
659,1684,1686
660,1465,1691
661,1465,1692
662,1677,1682
663,1677,1683
664,1632,1693
665,1632,1694
666,1634,1635
667,1634,1636
668,402,1695
669,402,1699
670,402,1703
671,383,1700
672,383,1701
673,383,1702
674,377,382
675,377,383
676,377,384
677,378,6599
678,378,385
679,380,1696
680,380,1697
681,380,1698
682,376,379
683,376,380
684,376,381
685,553,1707
686,553,1710
687,1137,1711
688,1137,1712
689,1137,1713
690,1713,1714
691,1713,1715
692,1713,1716
693,1135,1720
694,1135,1721
695,1135,1722
696,1141,1143
697,1141,1144
698,552,1717
699,552,1718
700,552,1719
701,476,1726
702,476,1730
703,476,1731
704,486,1732
705,486,1733
706,1121,1122
707,1121,1123
708,491,492
709,935,936
710,935,937
711,935,938
712,1072,1740
713,1072,1741
714,1072,1745
715,1750,1749
716,1755,1752
717,1755,1756
718,500,1758
719,500,1762
720,1048,1054
721,1048,1055
722,1048,1056
723,42,43
724,42,44
725,1056,1058
726,1056,1059
727,1170,1770
728,1170,1771
729,1236,1772
730,1236,1776
731,1236,1777
732,1226,1227
733,1226,1228
734,1226,1229
735,1226,1230
736,1788,1787
737,1788,1791
738,1788,1795
739,1153,1799
740,1153,1800
741,1153,1801
742,1153,1806
743,1812,1810
744,1812,1815
745,1812,1820
746,1152,1153
747,1152,1154
748,1152,1155
749,1830,1828
750,1830,1832
751,1235,1236
752,1235,1237
753,1235,1238
754,1817,1838
755,1817,1839
756,1817,1843
757,1828,1829
758,1828,1830
759,1828,1831
760,1164,1852
761,1164,1853
762,1164,1854
763,262,1858
764,262,1862
765,262,1866
766,262,1870
767,1861,1871
768,1861,1875
769,1648,1649
770,1648,1650
771,1627,1628
772,1627,1629
773,1627,1630
774,1347,1883
775,1347,1887
776,1347,1891
777,1915,1894
778,1901,1897
779,1901,1899
780,1904,1901
781,1904,1902
782,1905,1904
783,1898,1905
784,1898,1906
785,1897,1898
786,1894,1895
787,1894,1896
788,1896,1909
789,1909,1910
790,1909,1911
791,1912,1913
792,1912,1915
793,1899,1900
794,1926,1917
795,1926,1918
796,282,1916
797,1895,1903
798,1924,1922
799,1924,1926
800,1924,1927
801,4984,1931
802,4984,1932
803,309,310
804,1923,1935
805,1923,1936
806,1947,1939
807,1947,1940
808,1936,1937
809,1936,1938
810,312,313
811,312,314
812,1944,1950
813,2893,1952
814,2893,1955
815,1960,1957
816,1960,1959
817,315,316
818,315,317
819,316,1960
820,302,304
821,302,305
822,304,1956
823,1956,1963
824,1956,1964
825,1964,1966
826,1949,1965
827,318,319
828,318,320
829,318,321
830,322,323
831,322,324
832,322,325
833,305,1961
834,305,1962
835,303,306
836,1991,1984
837,1991,1988
838,306,1951
839,509,513
840,1995,1996
841,1995,1999
842,2007,2003
843,2007,2006
844,520,2007
845,520,2008
846,2003,2004
847,2003,2005
848,519,520
849,519,521
850,521,2011
851,521,2012
852,1403,1404
853,1403,1405
854,351,352
855,351,353
856,351,354
857,513,1994
858,513,1995
859,1401,1985
860,1401,1986
861,1401,1987
862,911,2015
863,911,2016
864,885,2017
865,885,2020
866,1726,1727
867,1726,1728
868,1726,1729
869,954,955
870,954,956
871,893,2028
872,893,2029
873,996,2032
874,996,2035
875,2041,2037
876,2041,2038
877,886,2041
878,886,2042
879,2032,2033
880,2032,2034
881,507,2036
882,1002,1003
883,1002,1004
884,5079,2047
885,5079,2050
886,505,506
887,505,507
888,884,2051
889,995,2039
890,995,2040
891,427,995
892,427,996
893,427,997
894,425,426
895,425,427
896,986,987
897,986,988
898,986,989
899,6600,2063
900,6601,2065
901,2065,2066
902,2065,2067
903,2067,2070
904,2067,2071
905,2063,2064
906,2063,6602
907,2072,2078
908,2072,2080
909,2118,2084
910,2118,2085
911,2084,6603
912,2088,2087
913,2088,6604
914,2104,2091
915,2104,2094
916,549,550
917,549,551
918,549,552
919,549,553
920,551,2097
921,551,2098
922,551,2099
923,551,2100
924,546,547
925,546,548
926,547,2102
927,547,2103
928,2086,2095
929,2105,2107
930,2105,2108
931,2115,2111
932,2115,2114
933,4500,2118
934,4500,2119
935,2091,2092
936,2091,2093
937,2111,2112
938,2111,2113
939,114,462
940,3003,2125
941,3003,2127
942,2125,2126
943,2125,6605
944,5402,2130
945,5402,2131
946,122,123
947,112,128
948,1424,1429
949,1424,1430
950,1424,1431
951,2146,2141
952,2146,2145
953,2146,2149
954,1428,2137
955,1428,2138
956,2156,2154
957,2156,2158
958,2156,2163
959,2154,2155
960,2154,2156
961,2154,2157
962,2179,2174
963,2179,2177
964,2179,2181
965,621,622
966,621,623
967,621,624
968,2191,2190
969,2191,2194
970,274,331
971,274,332
972,331,2197
973,331,2198
974,2197,2200
975,2197,2201
976,272,329
977,272,330
978,603,604
979,603,605
980,2203,2212
981,2203,2213
982,2203,2216
983,606,607
984,606,608
985,606,609
986,332,2199
987,6499,2221
988,6499,2222
989,5083,2223
990,5083,2224
991,608,2217
992,330,2208
993,330,2209
994,2236,2234
995,2236,2237
996,6274,2238
997,6274,2239
998,2246,2240
999,2246,2243
1000,2144,2246
1001,1907,1914
1002,2251,2249
1003,2251,2250
1004,2251,2253
1005,643,2254
1006,643,2255
1007,643,2256
1008,643,2257
1009,2254,2258
1010,2254,2259
1011,2254,2260
1012,2254,2261
1013,2260,2268
1014,2260,2269
1015,2260,2270
1016,2260,2271
1017,2259,2265
1018,2259,2266
1019,2259,2267
1020,2250,2251
1021,2250,2252
1022,641,2293
1023,610,611
1024,610,612
1025,657,658
1026,657,659
1027,657,660
1028,659,2287
1029,659,2288
1030,659,2289
1031,2301,2300
1032,2301,2304
1033,2171,2301
1034,2171,2302
1035,2171,2303
1036,2305,2311
1037,2305,2314
1038,660,2297
1039,660,2298
1040,660,2299
1041,2261,2272
1042,2261,2273
1043,2261,2274
1044,2261,2275
1045,2275,2321
1046,2275,2322
1047,2272,2318
1048,2272,2319
1049,2272,2320
1050,5152,2325
1051,5152,2327
1052,1458,1474
1053,2332,2333
1054,2332,2337
1055,2330,2338
1056,2330,2340
1057,2386,2341
1058,1609,1612
1059,1609,1613
1060,1609,1614
1061,2350,2347
1062,0,1
1063,0,2
1064,0,3
1065,3379,2356
1066,3379,2357
1067,2270,2280
1068,2270,2281
1069,2270,2282
1070,2270,2283
1071,2366,2364
1072,2366,2368
1073,2375,2371
1074,2375,2374
1075,2297,2315
1076,2297,2316
1077,2297,2317
1078,2321,2323
1079,2321,2324
1080,2282,2361
1081,2282,2362
1082,2282,2363
1083,2388,2386
1084,1452,2387
1085,1452,2390
1086,1630,1881
1087,1630,1882
1088,201,202
1089,201,203
1090,204,205
1091,204,206
1092,2139,2388
1093,2139,2389
1094,1631,1632
1095,1631,1633
1096,1663,1666
1097,1663,1667
1098,1663,1668
1099,440,2402
1100,440,2405
1101,440,6606
1102,434,2403
1103,434,2404
1104,2409,2408
1105,2409,2413
1106,2409,2417
1107,2346,2418
1108,2346,2419
1109,1886,2423
1110,1886,2427
1111,1886,2432
1112,2434,2433
1113,2434,2437
1114,2434,2441
1115,2434,2444
1116,1974,2449
1117,1974,2450
1118,1974,2451
1119,1974,2452
1120,323,1971
1121,323,1972
1122,323,1973
1123,323,1974
1124,2484,2458
1125,2484,2461
1126,6607,2464
1127,4862,2465
1128,4862,2467
1129,2476,2471
1130,2476,2474
1131,2462,2477
1132,2462,2481
1133,2486,2482
1134,2486,2485
1135,2372,2487
1136,2372,2490
1137,2485,2486
1138,2472,2493
1139,2472,2496
1140,1415,2497
1141,1415,2498
1142,1415,2502
1143,1415,2506
1144,1445,2507
1145,1445,2510
1146,1448,1449
1147,1448,1450
1148,2517,2513
1149,2517,2518
1150,2517,2519
1151,2516,2520
1152,11,2503
1153,11,2504
1154,11,2505
1155,2504,2521
1156,2504,2522
1157,2504,2523
1158,1391,2530
1159,1391,2531
1160,1391,2532
1161,1391,2533
1162,1396,1410
1163,1396,1411
1164,1396,1412
1165,1396,1413
1166,1412,2537
1167,1412,2538
1168,1412,2539
1169,1397,1414
1170,1397,1415
1171,1397,1416
1172,1397,1417
1173,1399,1400
1174,1399,1401
1175,1399,1402
1176,19,1370
1177,19,1371
1178,2528,2552
1179,2555,2553
1180,2555,2557
1181,2555,2561
1182,1328,2562
1183,1328,2563
1184,1328,2564
1185,1934,2554
1186,1934,2555
1187,1934,2556
1188,2567,2565
1189,2567,2570
1190,2428,2572
1191,2428,2573
1192,2428,2574
1193,2428,2577
1194,2437,2438
1195,2437,2439
1196,2437,2440
1197,2441,2442
1198,2441,2443
1199,2592,2591
1200,2592,2595
1201,2592,2596
1202,1586,1587
1203,1586,1588
1204,1586,1589
1205,2608,2606
1206,2608,2611
1207,2615,2614
1208,2615,2618
1209,2615,2622
1210,2021,2619
1211,2021,2620
1212,2021,2621
1213,2630,2629
1214,2630,2633
1215,2630,2637
1216,2607,2634
1217,2607,2635
1218,2607,2636
1219,1362,1365
1220,1362,1366
1221,2000,2646
1222,2000,2647
1223,2000,2651
1224,327,2655
1225,327,2658
1226,1011,2660
1227,1011,2664
1228,1011,2668
1229,1011,2669
1230,2665,2673
1231,2665,2674
1232,1302,1303
1233,1302,1304
1234,1302,1305
1235,1302,1306
1236,2647,2648
1237,2647,2649
1238,2647,2650
1239,1013,1014
1240,1013,1015
1241,1013,1016
1242,1013,1017
1243,1342,1343
1244,1342,1344
1245,1342,1345
1246,1021,2688
1247,1021,2689
1248,1021,2690
1249,1021,2691
1250,897,898
1251,897,899
1252,897,900
1253,1016,1763
1254,1016,1764
1255,1019,1020
1256,1019,1021
1257,1019,1022
1258,1008,2684
1259,1008,2685
1260,1008,2686
1261,1008,2687
1262,936,1737
1263,936,1738
1264,936,1739
1265,526,2697
1266,526,2701
1267,526,2703
1268,526,2704
1269,286,295
1270,286,296
1271,286,297
1272,2710,2714
1273,2710,2715
1274,2710,2719
1275,2710,2720
1276,433,2724
1277,433,2727
1278,2733,2731
1279,2733,2735
1280,2733,2739
1281,730,2743
1282,730,2747
1283,730,2751
1284,730,2755
1285,1951,1992
1286,1951,1993
1287,2762,2761
1288,2762,2764
1289,2762,2766
1290,1340,1346
1291,1340,1347
1292,1738,2695
1293,1738,2696
1294,527,528
1295,527,529
1296,2772,2773
1297,2772,2775
1298,2423,2424
1299,2423,2425
1300,2423,2426
1301,2565,2566
1302,2565,2567
1303,2565,2568
1304,2565,2569
1305,2574,2575
1306,2574,2576
1307,2427,2428
1308,2427,2429
1309,2427,2430
1310,2427,2431
1311,2794,2793
1312,2794,2797
1313,2801,2800
1314,2801,2805
1315,2801,2809
1316,1317,2813
1317,1005,1006
1318,1005,1007
1319,1005,1008
1320,1316,1317
1321,1316,1318
1322,1316,1319
1323,1316,1320
1324,1315,2801
1325,1315,2802
1326,1315,2803
1327,1315,2804
1328,2812,2823
1329,2812,2827
1330,2812,2828
1331,1330,2832
1332,1330,2833
1333,1330,2838
1334,1330,2842
1335,310,1933
1336,310,1934
1337,321,1969
1338,321,1970
1339,2818,2845
1340,2818,2849
1341,2818,2850
1342,2818,2854
1343,2796,2810
1344,2796,2811
1345,2796,2812
1346,1927,1928
1347,1927,1929
1348,1927,1930
1349,1386,1989
1350,1386,1990
1351,1386,1991
1352,1997,2858
1353,1997,2859
1354,324,1975
1355,324,1976
1356,324,1977
1357,2651,2652
1358,2651,2653
1359,2651,2654
1360,1996,1997
1361,1996,1998
1362,1341,1348
1363,1341,1349
1364,1341,1350
1365,1341,1351
1366,1990,2756
1367,1990,2757
1368,1990,2758
1369,2535,2872
1370,2535,2874
1371,2535,2875
1372,2872,2873
1373,2878,2876
1374,2878,2881
1375,2878,2885
1376,1385,1386
1377,1385,1387
1378,1385,1388
1379,1980,2886
1380,1980,2887
1381,1980,2888
1382,2533,2534
1383,2533,2535
1384,2533,2536
1385,1388,2869
1386,1388,2870
1387,1388,2871
1388,2887,2889
1389,2887,2890
1390,2887,2891
1391,1946,1980
1392,1946,1981
1393,1946,1982
1394,1946,1983
1395,1982,2877
1396,1982,2878
1397,1982,2879
1398,1982,2880
1399,2523,2527
1400,2523,2528
1401,2523,2529
1402,2507,2508
1403,2507,2509
1404,1643,1644
1405,1643,1645
1406,1643,1646
1407,2420,2913
1408,2420,2914
1409,2420,2915
1410,2606,2607
1411,2606,2608
1412,2606,2609
1413,2606,2610
1414,816,2920
1415,816,2924
1416,2303,2308
1417,2303,2309
1418,2303,2310
1419,587,2933
1420,587,2934
1421,2310,2930
1422,2310,2931
1423,2310,2932
1424,2190,2191
1425,2190,2192
1426,2190,2193
1427,2192,2935
1428,2192,2936
1429,2192,2937
1430,2942,2941
1431,2942,2943
1432,2942,2947
1433,2947,2948
1434,2947,2949
1435,2947,2950
1436,2947,2951
1437,2155,2167
1438,2155,2168
1439,2155,2169
1440,2155,2170
1441,2170,2938
1442,2170,2939
1443,2170,2940
1444,2157,2171
1445,2157,2172
1446,2157,2173
1447,1238,1835
1448,1238,1836
1449,1238,1837
1450,1777,1778
1451,1777,1779
1452,1777,1780
1453,1204,2976
1454,1204,2977
1455,1204,2978
1456,1778,2973
1457,1778,2974
1458,1778,2975
1459,2974,2979
1460,2974,2980
1461,2974,2981
1462,1836,2970
1463,1836,2971
1464,1836,2972
1465,2994,2991
1466,2994,2995
1467,2991,2992
1468,2991,2993
1469,2991,2994
1470,2995,2996
1471,3393,3005
1472,3393,3007
1473,2705,3010
1474,2705,3013
1475,2705,3014
1476,1446,2334
1477,1446,2335
1478,1446,2336
1479,1047,1052
1480,1047,1053
1481,1049,1050
1482,1049,1051
1483,542,3019
1484,542,3020
1485,3097,3021
1486,3097,3024
1487,3021,3022
1488,3021,3023
1489,1053,3017
1490,1053,3018
1491,790,3025
1492,790,3026
1493,181,3029
1494,181,3030
1495,41,436
1496,41,437
1497,353,2013
1498,353,2014
1499,16,1427
1500,16,1428
1501,4638,3038
1502,4638,3040
1503,3043,3042
1504,3042,3043
1505,3042,3044
1506,3048,3046
1507,3048,3049
1508,6608,3051
1509,6609,3052
1510,3061,3054
1511,3061,3055
1512,3055,3056
1513,3055,6610
1514,3056,3057
1515,3056,3058
1516,6482,3062
1517,6482,3063
1518,4977,3064
1519,4977,3065
1520,3058,3060
1521,3058,3061
1522,3038,3039
1523,4652,3067
1524,4652,3070
1525,2996,3003
1526,2996,3004
1527,580,3072
1528,580,3073
1529,2132,3076
1530,1138,1139
1531,2426,2780
1532,2426,2781
1533,2426,2782
1534,3081,3084
1535,3081,3085
1536,3081,3086
1537,2066,2068
1538,2066,2069
1539,3087,3087
1540,3087,3088
1541,3087,3089
1542,3094,3093
1543,3094,3097
1544,3093,3094
1545,3093,3095
1546,3093,3096
1547,3031,3104
1548,3031,3105
1549,3031,3109
1550,3017,3031
1551,3017,3032
1552,3096,3101
1553,3096,3102
1554,3096,3103
1555,3033,3112
1556,3033,3113
1557,3034,3106
1558,3034,3107
1559,3034,3108
1560,3018,3033
1561,3018,3034
1562,693,3114
1563,693,3118
1564,2093,2122
1565,2093,2123
1566,2123,3119
1567,1240,3120
1568,1240,3121
1569,1240,3122
1570,1239,1240
1571,1239,1241
1572,1239,1242
1573,2989,3126
1574,2149,2150
1575,2149,2151
1576,2149,2152
1577,2149,2153
1578,2151,3130
1579,2151,3131
1580,2151,3132
1581,2151,3133
1582,2159,3143
1583,2159,3147
1584,2159,3148
1585,3143,3144
1586,3143,3145
1587,3143,3146
1588,2226,3140
1589,2226,3141
1590,2226,3142
1591,3154,3150
1592,3154,3153
1593,1598,1599
1594,1598,1600
1595,1598,1601
1596,1598,1602
1597,3140,3149
1598,1979,3160
1599,1979,3162
1600,2521,2524
1601,2521,2525
1602,2521,2526
1603,1417,2543
1604,1417,2544
1605,1417,2545
1606,2526,2546
1607,2526,2547
1608,2526,2548
1609,3083,3163
1610,3083,3166
1611,2782,3081
1612,2782,3082
1613,2782,3083
1614,2586,3167
1615,2586,3172
1616,2586,3176
1617,2585,3177
1618,2585,3181
1619,2585,3182
1620,2585,3183
1621,2440,2584
1622,2440,2585
1623,2440,2586
1624,2440,2587
1625,3193,3191
1626,3193,3195
1627,3193,3199
1628,3199,3200
1629,3199,3201
1630,2718,3207
1631,1431,2139
1632,1431,2140
1633,2774,3208
1634,2774,3209
1635,2774,3212
1636,2773,6611
1637,2773,2774
1638,3209,3210
1639,3209,3211
1640,290,3217
1641,289,290
1642,289,291
1643,289,292
1644,289,293
1645,292,3218
1646,2023,3220
1647,1354,2623
1648,1354,2624
1649,1354,2625
1650,1035,1352
1651,1035,1353
1652,1035,1354
1653,6179,6612
1654,1299,1300
1655,1299,1301
1656,249,250
1657,249,251
1658,249,252
1659,1815,1816
1660,1815,1817
1661,1815,1818
1662,1815,1819
1663,243,3231
1664,243,3232
1665,243,3233
1666,3235,3234
1667,3235,3238
1668,3235,3242
1669,3614,3245
1670,3249,3248
1671,3249,3252
1672,1377,3255
1673,1377,3256
1674,1377,3261
1675,22,1372
1676,22,1373
1677,22,1374
1678,22,1375
1679,788,789
1680,788,790
1681,788,791
1682,1597,1608
1683,1597,1609
1684,1597,1610
1685,1600,2597
1686,1600,2598
1687,1600,2599
1688,1600,2600
1689,2413,2414
1690,2413,2415
1691,2413,2416
1692,2408,2409
1693,2408,2410
1694,2408,2411
1695,2408,2412
1696,1042,1355
1697,1042,1356
1698,1042,1357
1699,1355,2909
1700,1355,2910
1701,1355,2911
1702,1355,2912
1703,1134,1135
1704,1134,1136
1705,1134,1137
1706,43,1765
1707,43,1766
1708,1466,3269
1709,1466,3273
1710,1466,3274
1711,471,1465
1712,471,1466
1713,240,3278
1714,240,3279
1715,240,3280
1716,3272,3284
1717,2398,3270
1718,2398,3271
1719,2398,3272
1720,206,2397
1721,206,2398
1722,206,2399
1723,3292,3288
1724,3292,3290
1725,237,3294
1726,237,3298
1727,237,3299
1728,3294,3295
1729,3294,3296
1730,3294,3297
1731,3306,3305
1732,3306,3309
1733,3305,3306
1734,3305,3307
1735,3305,3308
1736,3308,3314
1737,3308,3315
1738,225,3310
1739,225,3311
1740,214,224
1741,214,225
1742,214,226
1743,220,3318
1744,220,3322
1745,220,3323
1746,1880,3324
1747,1880,3325
1748,1669,1670
1749,1669,1671
1750,1669,1672
1751,209,3319
1752,209,3320
1753,209,3321
1754,3328,3326
1755,1258,3302
1756,1258,3303
1757,1258,3304
1758,1294,3329
1759,1294,3330
1760,1218,1219
1761,1218,1220
1762,1218,1221
1763,1220,3331
1764,1220,3332
1765,1220,3333
1766,3333,3334
1767,1197,1223
1768,1197,1224
1769,1197,1225
1770,3341,3335
1771,3341,3339
1772,2343,3340
1773,2343,3341
1774,2343,3342
1775,1349,2866
1776,1349,2867
1777,1349,2868
1778,1000,3346
1779,1000,3350
1780,1000,3353
1781,2058,3351
1782,2058,3352
1783,3402,3354
1784,4945,3357
1785,4945,3360
1786,3720,3364
1787,3720,3367
1788,3371,3370
1789,3371,3374
1790,3371,3378
1791,3391,3382
1792,3391,3385
1793,3391,3388
1794,6584,3392
1795,6584,3394
1796,215,216
1797,215,217
1798,215,218
1799,3401,3397
1800,3163,3164
1801,3163,3165
1802,3404,3403
1803,3404,3406
1804,3412,3411
1805,3412,3415
1806,3412,3419
1807,3422,3423
1808,3422,3428
1809,3422,3431
1810,869,3432
1811,869,3436
1812,869,3439
1813,478,479
1814,478,480
1815,478,481
1816,478,482
1817,482,3440
1818,482,3441
1819,482,3442
1820,3012,3449
1821,3012,3450
1822,2712,3011
1823,2712,3012
1824,284,285
1825,284,286
1826,161,165
1827,161,166
1828,161,167
1829,165,3451
1830,165,3452
1831,263,3456
1832,263,3457
1833,1858,1859
1834,1858,1860
1835,1858,1861
1836,3465,3463
1837,3465,3467
1838,1155,1824
1839,1155,1825
1840,1155,1826
1841,1155,1827
1842,1824,3470
1843,1824,3471
1844,1149,3478
1845,1149,3479
1846,1864,3480
1847,1864,3481
1848,1864,3482
1849,1864,3483
1850,1862,1863
1851,1862,1864
1852,1862,1865
1853,261,262
1854,261,263
1855,3066,3492
1856,3066,3497
1857,3066,3498
1858,1867,3493
1859,1867,3494
1860,1867,3495
1861,1867,3496
1862,3502,3505
1863,3502,3509
1864,3502,3510
1865,1167,1168
1866,1187,3515
1867,1187,3516
1868,1181,1182
1869,1181,1183
1870,1181,1184
1871,1186,1187
1872,1186,1188
1873,1186,1189
1874,1186,1190
1875,1184,3520
1876,1184,3521
1877,3529,3525
1878,3529,3528
1879,3533,3532
1880,3533,3534
1881,3533,3536
1882,1327,2855
1883,1327,2856
1884,1327,2857
1885,3939,3542
1886,747,748
1887,747,749
1888,747,750
1889,747,751
1890,880,913
1891,880,914
1892,880,915
1893,750,3548
1894,750,3549
1895,750,3550
1896,913,3553
1897,913,3554
1898,913,3555
1899,3441,3446
1900,3441,3447
1901,3441,3448
1902,846,3578
1903,829,2921
1904,829,2922
1905,829,2923
1906,876,883
1907,876,884
1908,2024,2638
1909,2024,2639
1910,2024,2640
1911,3153,3154
1912,3153,3155
1913,3153,3156
1914,3335,3336
1915,3335,3337
1916,3335,3338
1917,3596,3600
1918,3596,3601
1919,3596,3605
1920,3603,3609
1921,3603,3611
1922,3603,3612
1923,3609,3610
1924,3343,3602
1925,3343,3603
1926,3343,3604
1927,3599,3606
1928,3599,3607
1929,3599,3608
1930,3338,3596
1931,3338,3597
1932,3338,3598
1933,3338,3599
1934,3342,3343
1935,3342,3344
1936,3342,3345
1937,6613,3613
1938,6614,3616
1939,739,1496
1940,739,1497
1941,739,1498
1942,735,1508
1943,735,1509
1944,735,1510
1945,736,1511
1946,736,1512
1947,736,1513
1948,725,3621
1949,725,3622
1950,725,3623
1951,2748,3626
1952,2748,3630
1953,2748,3631
1954,3638,3634
1955,3638,3635
1956,3636,3639
1957,3636,3640
1958,2152,3134
1959,2152,3135
1960,2152,3136
1961,2141,2142
1962,2141,2143
1963,2141,2144
1964,2955,3652
1965,2955,3653
1966,2955,3657
1967,2162,2962
1968,2162,2963
1969,2162,2964
1970,2162,2965
1971,626,3658
1972,626,3659
1973,626,3660
1974,626,3661
1975,625,626
1976,625,627
1977,625,628
1978,2213,2214
1979,2213,2215
1980,618,2966
1981,618,2967
1982,618,2968
1983,618,2969
1984,3372,3662
1985,3372,3666
1986,3372,3670
1987,3387,3671
1988,3387,3675
1989,3677,3676
1990,3677,3680
1991,3677,3684
1992,3378,3379
1993,3378,3380
1994,3378,3381
1995,2355,3688
1996,2355,3689
1997,2355,3690
1998,2355,3691
1999,3374,3375
2000,3374,3376
2001,3374,3377
2002,3382,3383
2003,3382,3384
2004,3668,3672
2005,3668,3673
2006,3668,3674
2007,609,2218
2008,609,2219
2009,609,2220
2010,3383,3702
2011,3383,3703
2012,2187,3710
2013,2187,3714
2014,2187,3715
2015,3722,3720
2016,3722,3721
2017,3722,3725
2018,3731,3729
2019,3731,3733
2020,3731,3737
2021,3730,3741
2022,3730,3742
2023,3738,3745
2024,3738,3748
2025,3738,3749
2026,3733,3734
2027,3733,3735
2028,3733,3736
2029,3368,3758
2030,3368,3762
2031,3368,3766
2032,3761,3767
2033,3761,3771
2034,3761,3772
2035,3778,3776
2036,3778,3780
2037,3778,3784
2038,3778,3787
2039,3777,3791
2040,3777,3792
2041,3796,3795
2042,3796,3799
2043,3796,3800
2044,3804,3803
2045,3804,3806
2046,3804,3810
2047,3806,3807
2048,3806,3808
2049,3806,3809
2050,3819,3818
2051,3818,3819
2052,3818,3820
2053,3818,3821
2054,3807,3813
2055,3807,3814
2056,3807,3815
2057,2727,2728
2058,2727,2729
2059,2727,2730
2060,2728,3831
2061,417,2736
2062,417,2737
2063,417,2738
2064,667,3832
2065,667,3833
2066,3234,3235
2067,3234,3236
2068,3234,3237
2069,640,667
2070,640,668
2071,640,669
2072,669,3239
2073,669,3240
2074,669,3241
2075,3534,3535
2076,3532,3533
2077,635,2290
2078,635,2291
2079,635,2292
2080,3785,3843
2081,3785,3844
2082,3849,3847
2083,3849,3850
2084,3849,3855
2085,3858,3857
2086,3858,3861
2087,3858,3863
2088,3866,3867
2089,3870,3868
2090,3870,3872
2091,3870,3876
2092,3850,3851
2093,3850,3852
2094,3850,3853
2095,3850,3854
2096,3853,3884
2097,3853,3885
2098,3853,3886
2099,3853,3887
2100,3896,3894
2101,3896,3898
2102,3896,3903
2103,3909,3908
2104,3909,3913
2105,3909,3915
2106,3873,3919
2107,3873,3920
2108,3873,3921
2109,3873,3924
2110,3872,3873
2111,3872,3874
2112,3872,3875
2113,3852,3880
2114,3852,3881
2115,3852,3882
2116,3852,3883
2117,3931,3932
2118,3931,3933
2119,3242,3243
2120,3242,3244
2121,87,88
2122,87,89
2123,87,90
2124,90,1079
2125,90,1080
2126,90,1081
2127,825,3937
2128,825,3939
2129,824,825
2130,824,826
2131,832,1096
2132,832,1097
2133,826,1098
2134,826,1099
2135,826,1100
2136,1097,3940
2137,1097,3941
2138,868,3942
2139,868,3943
2140,827,828
2141,756,757
2142,756,758
2143,756,759
2144,765,853
2145,765,854
2146,2594,3957
2147,2594,3958
2148,2594,3963
2149,776,777
2150,776,778
2151,776,779
2152,3958,3959
2153,3958,3960
2154,3958,3961
2155,3958,3962
2156,3960,3973
2157,3960,3974
2158,3960,3975
2159,3960,3976
2160,1084,3987
2161,1084,3990
2162,1084,3991
2163,1744,3992
2164,1744,3993
2165,1744,3994
2166,1744,3995
2167,1741,1742
2168,1741,1743
2169,1741,1744
2170,1067,1068
2171,1067,1069
2172,1067,1070
2173,1101,1104
2174,1101,1105
2175,1101,1106
2176,2612,4018
2177,2612,4019
2178,2619,2626
2179,2619,2627
2180,2619,2628
2181,1085,3998
2182,1085,3999
2183,1085,4000
2184,1082,1083
2185,1082,1084
2186,1082,1085
2187,855,856
2188,855,857
2189,855,858
2190,197,4026
2191,197,4030
2192,197,4031
2193,814,3955
2194,814,3956
2195,2604,4034
2196,2604,4037
2197,2604,4038
2198,2604,4039
2199,3959,3970
2200,3959,3971
2201,3959,3972
2202,3971,3980
2203,3971,3981
2204,3971,3982
2205,3971,3983
2206,861,4040
2207,861,4041
2208,861,4042
2209,861,4043
2210,3981,4044
2211,3981,4045
2212,3981,4046
2213,3981,4047
2214,771,4052
2215,771,4055
2216,771,4056
2217,771,4057
2218,761,4053
2219,761,4054
2220,593,594
2221,593,595
2222,593,596
2223,572,573
2224,572,574
2225,572,575
2226,443,4068
2227,443,4069
2228,3629,4070
2229,3629,4071
2230,441,442
2231,441,443
2232,2739,2740
2233,2739,2741
2234,2739,2742
2235,4,5
2236,4,6
2237,3060,3066
2238,4492,4077
2239,4492,4078
2240,3750,4079
2241,3750,4082
2242,265,4083
2243,265,4084
2244,4088,4087
2245,1564,4088
2246,1564,4089
2247,4091,4090
2248,2953,4093
2249,2953,4097
2250,2953,4098
2251,1436,2514
2252,1436,2515
2253,1436,2516
2254,1436,2517
2255,1682,1688
2256,1682,1689
2257,1682,1690
2258,4105,4103
2259,2948,2952
2260,2948,2953
2261,2948,2954
2262,1443,1444
2263,1443,1445
2264,1443,1446
2265,1443,1447
2266,2945,4104
2267,2945,4105
2268,2945,4106
2269,1471,1472
2270,1471,1473
2271,661,662
2272,661,663
2273,661,664
2274,661,665
2275,645,4119
2276,645,4124
2277,645,4125
2278,2467,2468
2279,2467,2469
2280,2467,2470
2281,2466,4129
2282,2466,4132
2283,2292,3834
2284,2292,3835
2285,2292,3836
2286,2292,3837
2287,1803,4140
2288,1803,4144
2289,1803,4145
2290,1819,3228
2291,1819,3229
2292,1819,3230
2293,1792,1840
2294,1792,1841
2295,1792,1842
2296,3483,3487
2297,3483,3488
2298,1866,1867
2299,1866,1868
2300,1866,1869
2301,633,634
2302,633,635
2303,1801,1802
2304,1801,1803
2305,1801,1804
2306,1801,1805
2307,1842,4152
2308,1842,4153
2309,1842,4154
2310,1805,4141
2311,1805,4142
2312,1805,4143
2313,1865,3489
2314,1865,3490
2315,1865,3491
2316,3228,4146
2317,3228,4147
2318,3228,4148
2319,863,864
2320,863,865
2321,863,866
2322,867,868
2323,867,869
2324,866,4165
2325,866,4166
2326,866,4167
2327,4169,4175
2328,4169,4176
2329,3563,4171
2330,3563,4172
2331,3563,4173
2332,3563,4174
2333,3546,3565
2334,3546,3566
2335,3546,3567
2336,3546,3568
2337,2444,2445
2338,2444,2446
2339,2444,2447
2340,2444,2448
2341,926,4190
2342,748,3545
2343,748,3546
2344,748,3547
2345,3201,3205
2346,3201,3206
2347,2805,2806
2348,2805,2807
2349,2805,2808
2350,2348,3184
2351,2348,3185
2352,2348,3186
2353,2348,3187
2354,925,926
2355,925,927
2356,2255,2262
2357,2255,2263
2358,2255,2264
2359,651,4133
2360,651,4134
2361,651,4135
2362,651,4136
2363,3836,4137
2364,3836,4138
2365,3836,4139
2366,4138,4201
2367,2291,3841
2368,2291,3842
2369,634,4155
2370,634,4156
2371,658,2294
2372,658,2295
2373,658,2296
2374,3516,3517
2375,3516,3518
2376,3516,3519
2377,1160,3522
2378,1160,3523
2379,1160,3524
2380,1806,1807
2381,1806,1808
2382,1806,1809
2383,614,4208
2384,614,4209
2385,4206,4210
2386,2370,4211
2387,2370,4212
2388,613,614
2389,613,615
2390,613,616
2391,1787,1788
2392,1787,1789
2393,1787,1790
2394,1809,4205
2395,1809,4206
2396,1809,4207
2397,1808,3472
2398,1808,3473
2399,1808,3474
2400,2376,4225
2401,2376,4229
2402,2376,4232
2403,2495,4233
2404,2495,4237
2405,2495,4238
2406,4239,4242
2407,4239,4243
2408,582,4244
2409,582,4245
2410,615,4216
2411,615,4217
2412,615,4218
2413,4222,4248
2414,3500,4249
2415,1790,4222
2416,1790,4223
2417,1790,4224
2418,2269,2276
2419,2269,2277
2420,2269,2278
2421,2269,2279
2422,2278,2358
2423,2278,2359
2424,2278,2360
2425,3498,3499
2426,3498,3500
2427,3498,3501
2428,2475,4239
2429,2475,4240
2430,2475,4241
2431,4219,4259
2432,4219,4260
2433,4219,4261
2434,2368,2369
2435,2368,2370
2436,649,674
2437,649,675
2438,649,676
2439,2317,2382
2440,2317,2383
2441,2468,4120
2442,2468,4121
2443,2468,4122
2444,2468,4123
2445,4062,4272
2446,4062,4276
2447,4062,4280
2448,1875,1876
2449,1875,1877
2450,1877,4281
2451,3505,3506
2452,3505,3507
2453,3505,3508
2454,3510,3511
2455,3510,3512
2456,3508,4285
2457,3508,4286
2458,5901,4287
2459,5901,4289
2460,714,719
2461,714,720
2462,714,721
2463,4293,4292
2464,4296,4295
2465,4296,4298
2466,4296,4300
2467,3150,3151
2468,3150,3152
2469,4298,4299
2470,4300,4301
2471,4300,4302
2472,4300,4303
2473,805,806
2474,805,807
2475,805,808
2476,805,809
2477,808,4314
2478,808,4315
2479,808,4316
2480,4321,4320
2481,4321,4324
2482,438,439
2483,438,440
2484,3631,3632
2485,3631,3633
2486,185,4327
2487,185,4328
2488,185,4329
2489,2751,2752
2490,2751,2753
2491,2751,2754
2492,40,434
2493,40,435
2494,3885,3888
2495,3885,3889
2496,3885,3890
2497,3767,3768
2498,3767,3769
2499,3767,3770
2500,3633,4330
2501,3633,4331
2502,731,4351
2503,731,4352
2504,2753,4332
2505,2753,4333
2506,2753,4334
2507,2753,4335
2508,1579,4353
2509,1579,4354
2510,1579,4355
2511,3626,3627
2512,3626,3628
2513,3626,3629
2514,1543,1575
2515,1543,1576
2516,1543,1577
2517,697,4365
2518,697,4366
2519,189,696
2520,189,697
2521,367,4371
2522,367,4374
2523,4307,4377
2524,4307,4378
2525,4307,4381
2526,3588,4321
2527,3588,4322
2528,3588,4323
2529,3155,3586
2530,3155,3587
2531,3155,3588
2532,691,1064
2533,691,1065
2534,691,1066
2535,688,689
2536,688,690
2537,688,691
2538,3032,3110
2539,3032,3111
2540,3258,4392
2541,3258,4393
2542,3258,4394
2543,34,1125
2544,34,1126
2545,32,33
2546,32,34
2547,2158,2159
2548,2158,2160
2549,2158,2161
2550,2158,2162
2551,1127,1128
2552,1127,1129
2553,462,2124
2554,1928,2834
2555,1928,2835
2556,1928,2836
2557,1928,2837
2558,2835,4403
2559,908,1380
2560,2642,4404
2561,2642,4405
2562,2859,2860
2563,1993,2759
2564,1993,2760
2565,3354,3355
2566,3354,3356
2567,4411,4409
2568,686,4413
2569,686,4416
2570,686,4417
2571,4414,4418
2572,397,1535
2573,397,1536
2574,397,1537
2575,337,1285
2576,337,1286
2577,337,1287
2578,28,4426
2579,222,4427
2580,222,4430
2581,213,222
2582,213,223
2583,1911,1912
2584,121,282
2585,121,283
2586,307,308
2587,4436,4435
2588,4436,4439
2589,4436,4443
2590,4443,4444
2591,4443,4445
2592,4443,4446
2593,4446,4451
2594,4446,4452
2595,4446,4453
2596,2230,4457
2597,2230,4458
2598,2230,4459
2599,2230,4460
2600,4444,4447
2601,4444,4448
2602,4444,4449
2603,4444,4450
2604,3651,4466
2605,3651,4467
2606,3651,4468
2607,3651,4469
2608,2231,4484
2609,2231,4485
2610,2231,4486
2611,474,910
2612,474,911
2613,474,912
2614,3156,3589
2615,3156,3590
2616,3156,3591
2617,601,4491
2618,601,4494
2619,6615,4497
2620,6616,4498
2621,1451,1452
2622,4668,6617
2623,4668,4499
2624,30,31
2625,1213,4502
2626,1213,4505
2627,1211,1212
2628,1211,1213
2629,3040,3041
2630,1432,1436
2631,1432,1437
2632,1432,1438
2633,84,4509
2634,84,4511
2635,92,1076
2636,92,1077
2637,4519,4515
2638,4519,4518
2639,4523,4522
2640,4521,4526
2641,4518,4519
2642,4518,4520
2643,4518,4521
2644,4535,4530
2645,4535,4533
2646,451,4537
2647,451,4539
2648,4520,4527
2649,4520,4528
2650,4520,4529
2651,4527,4541
2652,4527,4542
2653,4527,4543
2654,4529,4544
2655,4524,4546
2656,4524,4547
2657,4524,4548
2658,4542,4545
2659,4537,4538
2660,4522,4523
2661,4522,4524
2662,4522,4525
2663,4548,4549
2664,574,4065
2665,574,4066
2666,574,4067
2667,4559,4557
2668,4563,4561
2669,4563,4566
2670,4563,4570
2671,4578,4574
2672,4578,4577
2673,4578,4580
2674,4574,4575
2675,4574,4576
2676,4584,4588
2677,4584,4592
2678,4584,4593
2679,4588,4589
2680,4588,4590
2681,4588,4591
2682,2993,3000
2683,2993,3001
2684,2993,3002
2685,2992,2997
2686,2992,2998
2687,2992,2999
2688,3002,4599
2689,3002,4600
2690,3002,4601
2691,3002,4602
2692,4601,4609
2693,4601,4610
2694,4601,4611
2695,4610,4615
2696,4610,4616
2697,4610,4617
2698,4626,4624
2699,4600,4606
2700,4600,4607
2701,4600,4608
2702,4593,4594
2703,4602,4612
2704,4602,4613
2705,4602,4614
2706,4616,4621
2707,4616,4622
2708,4616,4623
2709,4613,4618
2710,4613,4619
2711,4613,4620
2712,145,146
2713,145,147
2714,145,148
2715,4622,4627
2716,4632,4631
2717,4631,4632
2718,4631,4633
2719,3047,4625
2720,3047,4626
2721,3046,3047
2722,3046,3048
2723,4636,4637
2724,1623,3977
2725,1623,3978
2726,1623,3979
2727,882,916
2728,882,917
2729,882,918
2730,915,3559
2731,915,3560
2732,915,3561
2733,477,3443
2734,477,3444
2735,477,3445
2736,1961,1978
2737,1961,1979
2738,2327,2328
2739,2327,2329
2740,2329,4640
2741,5513,4643
2742,5513,4644
2743,4647,4645
2744,4647,4649
2745,3742,3743
2746,3742,3744
2747,3743,4650
2748,3743,4651
2749,4650,4653
2750,4650,4654
2751,123,2133
2752,123,2134
2753,4661,4666
2754,4661,6618
2755,4256,4273
2756,4256,4274
2757,4256,4275
2758,600,601
2759,600,602
2760,4933,4671
2761,4933,4674
2762,4677,4675
2763,4677,4680
2764,4677,4684
2765,3929,4688
2766,3888,4338
2767,3888,4339
2768,3888,4340
2769,3888,4341
2770,278,3904
2771,278,3905
2772,278,3906
2773,278,3907
2774,3883,3891
2775,3883,3892
2776,3883,3893
2777,4691,4689
2778,4691,4693
2779,4691,4697
2780,2234,2235
2781,2234,2236
2782,4684,4685
2783,4684,4686
2784,4684,4687
2785,3881,3929
2786,3881,3930
2787,3881,3931
2788,3635,3636
2789,3635,3637
2790,3635,3638
2791,373,681
2792,373,682
2793,6619,4709
2794,3337,3594
2795,3337,3595
2796,432,4712
2797,432,4713
2798,4755,4714
2799,363,364
2800,363,365
2801,3800,3801
2802,3800,3802
2803,4295,4296
2804,4295,4297
2805,758,3950
2806,758,3951
2807,2108,2109
2808,2108,2110
2809,4291,4724
2810,4291,4725
2811,1615,1616
2812,1615,1617
2813,3951,4027
2814,3951,4028
2815,3951,4029
2816,83,4730
2817,83,4731
2818,3590,4489
2819,3590,4490
2820,1143,1723
2821,1143,1724
2822,3810,3811
2823,3810,3812
2824,188,694
2825,188,695
2826,82,83
2827,82,84
2828,36,2105
2829,36,2106
2830,2750,4738
2831,2750,4739
2832,1577,4363
2833,1577,4364
2834,4378,4379
2835,4378,4380
2836,3811,3826
2837,3811,3827
2838,3820,3822
2839,3820,3823
2840,3642,4742
2841,3642,4744
2842,198,199
2843,198,200
2844,4427,4428
2845,4427,4429
2846,1724,4732
2847,1724,4733
2848,4784,4750
2849,3151,4304
2850,3151,4305
2851,1547,1569
2852,1547,1570
2853,1547,1571
2854,4430,4431
2855,4430,4432
2856,25,2342
2857,25,2343
2858,25,2344
2859,798,4382
2860,798,4383
2861,3801,4719
2862,3801,4720
2863,1590,1591
2864,1590,1592
2865,3589,4487
2866,3589,4488
2867,2747,2748
2868,2747,2749
2869,2747,2750
2870,1555,4765
2871,1555,4766
2872,4335,4356
2873,4335,4357
2874,2099,2101
2875,39,432
2876,39,433
2877,706,4772
2878,706,4773
2879,741,742
2880,741,743
2881,741,744
2882,1539,1554
2883,1539,1555
2884,35,36
2885,35,37
2886,200,4727
2887,200,4728
2888,3987,3988
2889,3987,3989
2890,196,4729
2891,3989,3996
2892,3989,3997
2893,365,4717
2894,365,4718
2895,796,797
2896,796,798
2897,744,4777
2898,744,4778
2899,6620,4784
2900,677,678
2901,677,679
2902,412,413
2903,412,414
2904,435,2406
2905,435,2407
2906,4383,4762
2907,1588,2601
2908,1588,2602
2909,1549,1572
2910,1549,1573
2911,33,1118
2912,33,1119
2913,33,1120
2914,4090,4091
2915,4090,4092
2916,692,693
2917,4292,4293
2918,4292,4294
2919,4308,4792
2920,4308,4793
2921,2754,4336
2922,2754,4337
2923,679,4786
2924,679,4787
2925,4324,4325
2926,4324,4326
2927,4304,4753
2928,4304,4754
2929,3587,4384
2930,3587,4385
2931,4708,4795
2932,4708,4798
2933,1148,1149
2934,1148,1150
2935,1148,1151
2936,1264,1266
2937,1264,1267
2938,1267,4800
2939,1267,4801
2940,1266,4799
2941,3519,4203
2942,3519,4204
2943,699,4806
2944,699,4807
2945,340,4809
2946,340,4812
2947,1159,1160
2948,1159,1161
2949,1159,1162
2950,1529,4813
2951,1529,4814
2952,333,334
2953,333,335
2954,703,705
2955,703,706
2956,4707,4808
2957,1829,1848
2958,1829,1849
2959,556,1850
2960,556,1851
2961,707,4796
2962,707,4797
2963,3637,4707
2964,3637,4708
2965,570,4419
2966,570,4420
2967,570,4421
2968,1156,1157
2969,1156,1158
2970,568,569
2971,568,570
2972,568,571
2973,58,59
2974,4801,4804
2975,4801,4805
2976,554,555
2977,554,556
2978,554,557
2979,4800,4802
2980,4800,4803
2981,1570,3249
2982,1570,3250
2983,1570,3251
2984,339,340
2985,339,341
2986,3152,4306
2987,3152,4307
2988,3152,4308
2989,186,4825
2990,4362,4826
2991,4362,4829
2992,4317,4830
2993,4317,4831
2994,191,4832
2995,191,4833
2996,1171,4817
2997,1171,4818
2998,1291,1293
2999,1291,1294
3000,1158,4819
3001,1158,4820
3002,3517,4202
3003,4506,4836
3004,4506,4837
3005,1527,1528
3006,1527,1529
3007,591,3327
3008,591,3328
3009,4842,4840
3010,1169,1170
3011,1169,1171
3012,4846,4841
3013,4846,4842
3014,1192,4843
3015,1168,3513
3016,1168,3514
3017,1191,1192
3018,1191,1193
3019,550,2096
3020,550,6621
3021,901,902
3022,2079,4847
3023,2079,4848
3024,2078,2079
3025,4371,4372
3026,4371,4373
3027,1655,1656
3028,1655,1657
3029,1668,2400
3030,1668,2401
3031,1657,4852
3032,1657,4853
3033,1469,4100
3034,1469,4101
3035,1469,4102
3036,80,4783
3037,1467,1468
3038,1467,1469
3039,1628,1878
3040,1628,1879
3041,1628,1880
3042,78,79
3043,78,80
3044,414,3816
3045,414,3817
3046,3803,3804
3047,3803,3805
3048,421,4854
3049,421,4855
3050,421,4856
3051,415,416
3052,415,417
3053,415,418
3054,418,2725
3055,418,2726
3056,2090,2115
3057,2090,2116
3058,2090,2117
3059,2087,2088
3060,2087,2089
3061,2087,2090
3062,3022,3027
3063,3022,3028
3064,1891,1892
3065,1891,1893
3066,952,3398
3067,2373,4213
3068,2373,4214
3069,2373,4215
3070,2371,2372
3071,2371,2373
3072,639,640
3073,639,641
3074,665,4116
3075,665,4117
3076,665,4118
3077,662,4110
3078,662,4111
3079,662,4112
3080,2490,2491
3081,2490,2492
3082,664,4113
3083,664,4114
3084,664,4115
3085,644,4269
3086,644,4270
3087,644,4271
3088,642,643
3089,642,644
3090,642,645
3091,642,646
3092,2698,4864
3093,2698,4865
3094,2698,4868
3095,118,6622
3096,3359,4872
3097,3359,4876
3098,3359,4880
3099,4884,4883
3100,4884,4887
3101,4884,4892
3102,4884,4897
3103,4887,4888
3104,4887,4889
3105,4887,4890
3106,4887,4891
3107,3769,4342
3108,3769,4343
3109,3769,4344
3110,4431,4759
3111,4431,4760
3112,4760,4914
3113,1076,4513
3114,1076,4514
3115,4509,4510
3116,1645,2905
3117,1645,2906
3118,1645,2907
3119,1645,2908
3120,195,196
3121,195,197
3122,475,476
3123,475,477
3124,1729,2024
3125,1729,2025
3126,494,4921
3127,494,4925
3128,4180,4929
3129,4180,4930
3130,1118,4788
3131,1118,4789
3132,49,1115
3133,49,1116
3134,6623,4932
3135,3360,3361
3136,3360,3362
3137,3360,3363
3138,4872,4873
3139,4872,4874
3140,4872,4875
3141,3362,4938
3142,4942,4941
3143,4942,4944
3144,4878,4947
3145,4878,4948
3146,4676,4949
3147,4676,4953
3148,4676,4954
3149,3912,3916
3150,3912,3917
3151,3912,3918
3152,4698,4881
3153,4698,4882
3154,288,4958
3155,288,4961
3156,288,4966
3157,3407,4967
3158,3407,4971
3159,3407,4975
3160,287,288
3161,6624,4976
3162,23,1376
3163,23,1377
3164,23,1378
3165,23,1379
3166,1639,1640
3167,1639,1641
3168,1639,1642
3169,1373,3262
3170,1373,3263
3171,1373,3264
3172,1373,3265
3173,2793,2794
3174,2793,2795
3175,2793,2796
3176,6409,4983
3177,6409,4984
3178,3419,3420
3179,3419,3421
3180,3419,3422
3181,4994,4987
3182,4994,4990
3183,4997,4992
3184,6256,4993
3185,6256,4996
3186,4985,4999
3187,3420,4985
3188,3420,4986
3189,2701,2702
3190,223,4433
3191,223,4434
3192,5003,5005
3193,5003,5006
3194,29,4746
3195,29,4747
3196,3365,3773
3197,3365,3774
3198,3365,3775
3199,5013,5010
3200,5013,5014
3201,5013,5015
3202,4890,4904
3203,4890,4905
3204,4890,4906
3205,3927,5020
3206,3927,5021
3207,3927,5022
3208,4343,4910
3209,4343,4911
3210,4883,4884
3211,4883,4885
3212,4883,4886
3213,4939,5032
3214,4939,5033
3215,3747,3759
3216,3747,3760
3217,3747,3761
3218,6,3746
3219,6,3747
3220,3364,3365
3221,3364,3366
3222,4909,5011
3223,4909,5012
3224,4909,5013
3225,4885,5026
3226,4885,5027
3227,4885,5028
3228,4940,5036
3229,4940,5037
3230,4940,5038
3231,3361,4935
3232,3361,4936
3233,3361,4937
3234,3357,3358
3235,3357,3359
3236,3916,4681
3237,3916,4682
3238,3916,4683
3239,4896,5045
3240,4896,5046
3241,4896,5047
3242,4873,4893
3243,4873,4894
3244,4873,4895
3245,4873,4896
3246,3363,4939
3247,3363,4940
3248,4653,4657
3249,4653,4658
3250,5052,5051
3251,167,3453
3252,167,3454
3253,3453,5052
3254,3453,5053
3255,5050,5054
3256,5050,5055
3257,5050,5056
3258,4658,5049
3259,4658,5050
3260,2106,4736
3261,2106,4737
3262,3542,3543
3263,3542,3544
3264,4737,5061
3265,93,3035
3266,5061,5062
3267,5061,5063
3268,5063,5067
3269,5063,5068
3270,3938,5072
3271,3938,5074
3272,1145,1146
3273,1145,1147
3274,100,101
3275,100,102
3276,100,103
3277,103,3551
3278,103,3552
3279,487,488
3280,487,489
3281,487,490
3282,498,5077
3283,498,5080
3284,2145,2146
3285,2145,2147
3286,2145,2148
3287,975,1750
3288,975,1751
3289,17,18
3290,17,19
3291,6327,6625
3292,6327,5086
3293,3179,5089
3294,3179,5091
3295,3179,5092
3296,2148,5083
3297,2148,5084
3298,2148,5085
3299,326,327
3300,326,328
3301,3172,3173
3302,3172,3174
3303,3172,3175
3304,4865,4866
3305,4865,4867
3306,2076,3015
3307,983,984
3308,983,985
3309,928,929
3310,928,930
3311,928,931
3312,2142,3649
3313,2142,3650
3314,2142,3651
3315,1449,2511
3316,1449,2512
3317,4866,5103
3318,2241,5116
3319,2241,5118
3320,5093,6626
3321,5093,5119
3322,5093,5123
3323,3783,5127
3324,524,5107
3325,524,5108
3326,5515,5130
3327,5515,5131
3328,2240,2241
3329,2240,2242
3330,5082,5135
3331,5082,5138
3332,3173,5099
3333,3173,5100
3334,3173,5101
3335,3173,5102
3336,3165,3401
3337,3165,3402
3338,2217,2225
3339,2217,2226
3340,2217,2227
3341,12,2902
3342,12,2903
3343,12,2904
3344,5978,5149
3345,5978,5151
3346,18,3036
3347,18,3037
3348,457,458
3349,5155,5153
3350,4848,4849
3351,4848,4850
3352,4848,4851
3353,4961,4962
3354,4961,4963
3355,4961,4964
3356,4961,4965
3357,5157,5165
3358,299,300
3359,2082,5154
3360,2082,5155
3361,2082,5156
3362,4850,5157
3363,4850,5158
3364,4850,5159
3365,1200,5167
3366,1200,5171
3367,2984,5168
3368,2984,5169
3369,2984,5170
3370,1203,1204
3371,1203,1205
3372,1203,1206
3373,1206,2985
3374,1206,2986
3375,1206,2987
3376,1199,1200
3377,1199,1201
3378,1199,1202
3379,1202,5172
3380,4837,4838
3381,4837,4839
3382,1207,1208
3383,1207,1209
3384,1207,1210
3385,1210,5173
3386,1210,5174
3387,1210,5175
3388,1230,1773
3389,1230,1774
3390,1230,1775
3391,2975,2982
3392,2975,2983
3393,2975,2984
3394,1217,1232
3395,1217,1233
3396,1217,1234
3397,560,1244
3398,560,1245
3399,560,1246
3400,560,1247
3401,1209,1781
3402,1209,1782
3403,1209,1783
3404,1783,5176
3405,1783,5177
3406,1783,5178
3407,1786,3123
3408,1786,3124
3409,1786,3125
3410,1229,1784
3411,1229,1785
3412,1229,1786
3413,5177,5179
3414,1214,1215
3415,1214,1216
3416,1214,1217
3417,1216,5180
3418,1195,1196
3419,1195,1197
3420,1195,1198
3421,1198,2988
3422,1198,2989
3423,1198,2990
3424,2761,2762
3425,2761,2763
3426,3913,3914
3427,3908,3909
3428,3908,3910
3429,3908,3911
3430,3908,3912
3431,4704,5187
3432,3911,5183
3433,3911,5184
3434,3911,5185
3435,3911,5186
3436,5186,5189
3437,5186,5190
3438,3863,3864
3439,3863,3865
3440,3863,3866
3441,3894,3895
3442,3894,3896
3443,3894,3897
3444,3901,5195
3445,3889,3899
3446,3889,3900
3447,3889,3901
3448,3889,3902
3449,4451,4454
3450,4451,4455
3451,4451,4456
3452,4456,4461
3453,4456,4462
3454,4456,4463
3455,2211,5197
3456,2211,5198
3457,2211,5199
3458,2208,2228
3459,2208,2229
3460,2208,2230
3461,2208,2231
3462,4478,5096
3463,4478,5097
3464,4478,5098
3465,605,2210
3466,605,2211
3467,4474,5200
3468,4474,5201
3469,4474,5202
3470,4450,4473
3471,4450,4474
3472,4450,4475
3473,4450,4476
3474,2147,4477
3475,2147,4478
3476,2147,4479
3477,2147,4480
3478,2143,3643
3479,2143,3644
3480,2143,3645
3481,2165,2955
3482,2165,2956
3483,2165,2957
3484,2165,2958
3485,620,5203
3486,617,618
3487,617,619
3488,617,620
3489,3695,5204
3490,3695,5209
3491,3695,5210
3492,627,2205
3493,627,2206
3494,627,2207
3495,3784,3785
3496,3784,3786
3497,528,2769
3498,528,2770
3499,530,531
3500,530,532
3501,530,533
3502,531,5112
3503,531,5113
3504,3167,3168
3505,3167,3169
3506,3167,3170
3507,3167,3171
3508,5119,5120
3509,5119,5121
3510,5119,5122
3511,5102,5147
3512,5102,5148
3513,5102,6627
3514,3406,3407
3515,3406,3408
3516,3406,3409
3517,3406,3410
3518,3171,5093
3519,3171,5094
3520,3171,5095
3521,1250,1251
3522,1250,1252
3523,234,4790
3524,234,4791
3525,4646,5224
3526,4646,5228
3527,4646,5229
3528,3663,3677
3529,3663,3678
3530,3663,3679
3531,3009,5230
3532,3009,5231
3533,5321,5232
3534,5321,6628
3535,5232,5233
3536,452,453
3537,5240,5236
3538,5240,5239
3539,5237,6629
3540,5237,5242
3541,3027,4857
3542,3027,4858
3543,4736,5059
3544,4736,5060
3545,2452,2453
3546,4654,4659
3547,4654,4660
3548,1440,1441
3549,1440,1442
3550,1454,1676
3551,1454,1677
3552,1662,1663
3553,1662,1664
3554,1652,1653
3555,1652,1654
3556,1460,5245
3557,1460,5246
3558,1460,5249
3559,1460,5250
3560,759,3952
3561,759,3953
3562,759,3954
3563,1747,4781
3564,1747,4782
3565,3952,4779
3566,3952,4780
3567,786,5253
3568,786,5254
3569,1719,1725
3570,328,2861
3571,328,2862
3572,328,2863
3573,1999,2000
3574,1999,2001
3575,1999,2002
3576,2675,5257
3577,2675,5260
3578,5257,5258
3579,5257,5259
3580,1300,2675
3581,2588,2846
3582,2588,2847
3583,2588,2848
3584,2442,2588
3585,2442,2589
3586,2442,2590
3587,3414,5266
3588,3414,5267
3589,3414,5268
3590,3411,3412
3591,3411,3413
3592,3411,3414
3593,3413,5269
3594,3413,5270
3595,3413,5271
3596,3413,6630
3597,5271,5275
3598,5271,5276
3599,5001,5280
3600,5001,5281
3601,4987,4988
3602,4987,4989
3603,2589,5264
3604,2589,5265
3605,912,1296
3606,912,1297
3607,912,1298
3608,1365,2641
3609,1365,2642
3610,1301,2676
3611,1301,2677
3612,906,1333
3613,906,1334
3614,1334,5289
3615,1334,5290
3616,496,497
3617,496,498
3618,2046,5081
3619,2046,5082
3620,4448,4470
3621,4448,4471
3622,4448,4472
3623,4454,5196
3624,4437,4481
3625,4437,4482
3626,4437,4483
3627,4483,5295
3628,4438,4440
3629,4438,4441
3630,4438,4442
3631,4435,4436
3632,4435,4437
3633,4435,4438
3634,2941,2942
3635,2943,2944
3636,2943,2945
3637,2943,2946
3638,2946,4107
3639,2946,4108
3640,2946,4109
3641,4093,4094
3642,4093,4095
3643,4093,4096
3644,4098,4099
3645,2172,2959
3646,2172,2960
3647,2172,2961
3648,2959,5297
3649,3653,3654
3650,3653,3655
3651,3653,3656
3652,3656,5298
3653,2163,2164
3654,2163,2165
3655,2163,2166
3656,2161,4398
3657,2161,4399
3658,2161,4400
3659,624,2187
3660,624,2188
3661,624,2189
3662,3701,5302
3663,3701,5303
3664,3377,3698
3665,3377,3699
3666,3377,3700
3667,3377,3701
3668,5218,5304
3669,3698,3711
3670,3698,3712
3671,3698,3713
3672,2189,5299
3673,2189,5300
3674,2189,5301
3675,3694,5305
3676,3694,5308
3677,3694,5309
3678,3375,3692
3679,3375,3693
3680,3375,3694
3681,5309,5310
3682,2206,5213
3683,2206,5214
3684,2206,5215
3685,2206,5216
3686,5215,5311
3687,5204,5205
3688,5204,5206
3689,5204,5207
3690,5204,5208
3691,5208,5314
3692,2963,3137
3693,2963,3138
3694,2963,3139
3695,2150,3127
3696,2150,3128
3697,2150,3129
3698,3135,3646
3699,3135,3647
3700,3135,3648
3701,3647,5315
3702,607,2202
3703,607,2203
3704,607,2204
3705,125,5316
3706,125,5317
3707,3744,4652
3708,4540,5319
3709,4540,5320
3710,107,108
3711,5317,5318
3712,5317,6631
3713,3071,5321
3714,622,2185
3715,622,2186
3716,3390,3716
3717,3390,3717
3718,3390,3718
3719,3390,3719
3720,3388,3389
3721,3388,3390
3722,3388,3391
3723,3703,3707
3724,3703,3708
3725,3703,3709
3726,3709,5328
3727,2185,5322
3728,2185,5323
3729,2185,5324
3730,2185,5325
3731,5334,5336
3732,2186,5326
3733,2186,5327
3734,5325,5332
3735,5325,5333
3736,5325,5334
3737,5325,5335
3738,2194,2195
3739,2194,2196
3740,5344,5343
3741,2196,5337
3742,2196,5338
3743,2196,5339
3744,588,5340
3745,588,5341
3746,588,5342
3747,5342,5349
3748,5342,5350
3749,5342,5351
3750,5338,5344
3751,5338,5345
3752,5338,5346
3753,5348,5352
3754,5348,5353
3755,5348,5354
3756,5341,5347
3757,5341,5348
3758,3793,5356
3759,3793,5359
3760,2313,4410
3761,2313,4411
3762,2313,4412
3763,4410,5362
3764,2182,5363
3765,2182,5367
3766,2182,5368
3767,5368,5369
3768,5371,5370
3769,5361,5371
3770,5361,5372
3771,5361,5373
3772,5372,5374
3773,2181,2182
3774,2181,2183
3775,2181,2184
3776,2480,5378
3777,2480,5382
3778,2480,5383
3779,5384,5387
3780,5384,5391
3781,5384,5392
3782,5397,5396
3783,5380,5397
3784,5380,5398
3785,5380,5399
3786,579,580
3787,579,581
3788,579,582
3789,454,455
3790,454,456
3791,2482,2483
3792,2482,2484
3793,2128,5405
3794,2128,5406
3795,2127,2128
3796,2127,2129
3797,3455,5407
3798,3455,6632
3799,5407,5408
3800,458,5152
3801,583,584
3802,583,585
3803,585,5411
3804,585,5412
3805,585,5413
3806,5424,5421
3807,5429,5424
3808,5429,5425
3809,5420,5427
3810,5420,5428
3811,115,116
3812,5425,5426
3813,6330,5429
3814,6330,5430
3815,117,118
3816,5417,5433
3817,584,5409
3818,584,5410
3819,5413,5420
3820,116,3006
3821,3845,5438
3822,456,5402
3823,5443,5441
3824,5443,5444
3825,5443,5446
3826,5446,5447
3827,5446,5448
3828,5450,5449
3829,4566,4567
3830,4566,4568
3831,4566,4569
3832,4525,4550
3833,4525,4551
3834,6633,5454
3835,6634,5455
3836,6635,5457
3837,4591,4597
3838,4591,4598
3839,4590,4595
3840,4590,4596
3841,4575,4584
3842,4575,4585
3843,4575,4586
3844,4586,5462
3845,4586,5463
3846,5455,5456
3847,5457,5458
3848,5457,5459
3849,5469,5467
3850,4536,5468
3851,4536,5469
3852,2134,4663
3853,2134,4664
3854,2134,4665
3855,4664,5470
3856,4664,5471
3857,4664,5472
3858,5473,5481
3859,5473,5482
3860,4562,5473
3861,4562,5474
3862,4562,5475
3863,4562,5476
3864,4564,5485
3865,4561,4562
3866,4561,4563
3867,4561,4564
3868,4561,4565
3869,4565,5486
3870,4565,5487
3871,4565,5488
3872,4530,4531
3873,4530,4532
3874,4534,4571
3875,4534,4572
3876,4534,4573
3877,4655,5480
3878,140,141
3879,140,142
3880,140,143
3881,140,144
3882,139,152
3883,139,153
3884,139,154
3885,172,5497
3886,173,5498
3887,168,171
3888,168,172
3889,168,173
3890,169,174
3891,169,175
3892,169,176
3893,174,5499
3894,174,5500
3895,4941,4942
3896,4941,4943
3897,453,5234
3898,453,5235
3899,3727,5504
3900,4891,4907
3901,4891,4908
3902,4891,4909
3903,4639,5505
3904,4639,5506
3905,1441,1679
3906,1441,1680
3907,3041,4507
3908,3041,4508
3909,2325,2326
3910,6636,5509
3911,2512,2892
3912,2512,2893
3913,2511,5114
3914,2511,5115
3915,5529,5512
3916,5529,5513
3917,1968,5514
3918,3539,5517
3919,3539,5518
3920,2656,5262
3921,2656,5263
3922,2655,2656
3923,2655,2657
3924,2569,2786
3925,2569,2787
3926,1885,2791
3927,1885,2792
3928,1883,1884
3929,1883,1885
3930,1883,1886
3931,3164,3399
3932,3164,3400
3933,523,524
3934,523,525
3935,523,526
3936,3525,3526
3937,3525,3527
3938,4640,4641
3939,4640,4642
3940,1965,1967
3941,1965,1968
3942,2557,2558
3943,2557,2559
3944,2557,2560
3945,1945,1958
3946,1978,4638
3947,2326,5507
3948,2326,5508
3949,6637,5524
3950,2780,3079
3951,2780,3080
3952,2244,5510
3953,2244,5511
3954,1474,2330
3955,1474,2331
3956,1474,2332
3957,2339,3537
3958,2339,3538
3959,1834,6638
3960,5524,5525
3961,5524,5526
3962,1832,1833
3963,1832,1834
3964,2999,4603
3965,2999,4604
3966,2999,4605
3967,5363,5364
3968,5363,5365
3969,5363,5366
3970,5532,5539
3971,5532,5543
3972,5532,5544
3973,2184,5375
3974,2184,5376
3975,2184,5377
3976,5365,5532
3977,5365,5533
3978,5365,5534
3979,5365,5535
3980,5551,5554
3981,5375,5548
3982,5375,5549
3983,5375,5550
3984,5534,5551
3985,5534,5552
3986,5534,5553
3987,5542,5555
3988,5542,5559
3989,5542,5560
3990,5545,5556
3991,5545,5557
3992,5545,5558
3993,2178,2379
3994,2178,2380
3995,2178,2381
3996,612,2178
3997,612,2179
3998,612,2180
3999,2309,2927
4000,2309,2928
4001,2309,2929
4002,3280,3281
4003,3280,3282
4004,3280,3283
4005,3274,3275
4006,3274,3276
4007,3274,3277
4008,2396,3285
4009,2396,3286
4010,2396,3287
4011,205,2395
4012,205,2396
4013,2395,5561
4014,2395,5562
4015,238,3291
4016,238,3292
4017,238,3293
4018,236,237
4019,236,238
4020,236,239
4021,236,240
4022,229,230
4023,229,231
4024,229,232
4025,347,348
4026,347,349
4027,347,350
4028,1255,1288
4029,1255,1289
4030,1255,1290
4031,1253,1254
4032,1253,1255
4033,1253,1256
4034,232,5563
4035,232,5564
4036,232,5565
4037,335,1261
4038,335,1262
4039,335,1263
4040,1263,5566
4041,566,5567
4042,566,5571
4043,1174,5572
4044,1174,5573
4045,1260,4834
4046,1260,4835
4047,1257,1258
4048,1257,1259
4049,1257,1260
4050,4491,4492
4051,4491,4493
4052,575,2494
4053,575,2495
4054,2180,5434
4055,2180,5435
4056,2068,2073
4057,2068,2074
4058,2068,2075
4059,2074,2081
4060,2074,2082
4061,2074,2083
4062,297,2712
4063,297,2713
4064,3405,5577
4065,4962,4968
4066,4962,4969
4067,4962,4970
4068,4965,5163
4069,4965,5164
4070,5353,5355
4071,5579,5578
4072,5579,5581
4073,5579,5582
4074,442,4072
4075,442,4073
4076,502,503
4077,502,504
4078,102,4926
4079,102,4927
4080,102,4928
4081,4170,4179
4082,4170,4180
4083,4170,4181
4084,4170,4182
4085,4165,4168
4086,4165,4169
4087,4165,4170
4088,488,5075
4089,488,5076
4090,490,4183
4091,490,4184
4092,490,4185
4093,3549,3562
4094,3549,3563
4095,3549,3564
4096,3443,3569
4097,3443,3570
4098,3443,3571
4099,96,97
4100,96,98
4101,96,99
4102,5600,5597
4103,5598,5601
4104,5597,5598
4105,5597,5599
4106,5597,5600
4107,5599,5602
4108,5589,5603
4109,5589,5604
4110,3436,3437
4111,3436,3438
4112,2919,5609
4113,2919,5610
4114,972,973
4115,972,974
4116,972,975
4117,2029,2030
4118,2029,2031
4119,961,962
4120,961,963
4121,961,964
4122,2047,2048
4123,2047,2049
4124,957,958
4125,957,959
4126,957,960
4127,960,5614
4128,960,5615
4129,960,5616
4130,2034,2043
4131,2034,2044
4132,964,5620
4133,964,5621
4134,964,5622
4135,964,5623
4136,5622,5624
4137,962,5617
4138,962,5618
4139,962,5619
4140,5077,5078
4141,5077,5079
4142,497,5293
4143,497,5294
4144,5294,5625
4145,5292,5626
4146,5292,5628
4147,5626,5627
4148,898,2692
4149,898,2693
4150,898,2694
4151,2693,5629
4152,5289,5291
4153,5289,5292
4154,5291,5630
4155,1304,2643
4156,1304,2644
4157,1304,2645
4158,1030,1031
4159,1030,1032
4160,1030,1033
4161,2008,2009
4162,2008,2010
4163,1033,5631
4164,1033,5632
4165,1033,5633
4166,1407,1408
4167,1407,1409
4168,354,1418
4169,354,1419
4170,354,1420
4171,2013,2499
4172,2013,2500
4173,2013,2501
4174,1416,2549
4175,1416,2550
4176,1416,2551
4177,3956,4032
4178,3956,4033
4179,4022,5636
4180,858,4024
4181,858,4025
4182,764,811
4183,764,812
4184,764,813
4185,764,814
4186,768,769
4187,768,770
4188,768,771
4189,770,4058
4190,770,4059
4191,3968,5637
4192,3968,5638
4193,3974,3984
4194,3974,3985
4195,3974,3986
4196,1071,1072
4197,1071,1073
4198,1071,1074
4199,1073,5639
4200,1745,1746
4201,1745,1747
4202,1745,1748
4203,1748,5640
4204,1743,4001
4205,1743,4002
4206,1743,4003
4207,4003,5641
4208,4003,5642
4209,4003,5643
4210,1106,4015
4211,1106,4016
4212,1106,4017
4213,1069,4007
4214,1069,4008
4215,839,840
4216,839,841
4217,839,842
4218,842,5647
4219,840,5644
4220,840,5645
4221,840,5646
4222,1105,4012
4223,1105,4013
4224,1105,4014
4225,3983,4048
4226,3983,4049
4227,4045,4050
4228,4045,4051
4229,779,3967
4230,779,3968
4231,779,3969
4232,4034,4035
4233,4034,4036
4234,2611,2612
4235,2611,2613
4236,2025,2918
4237,2025,2919
4238,2051,2054
4239,2051,2055
4240,2054,5650
4241,503,5586
4242,503,5587
4243,5587,5654
4244,5657,5655
4245,5586,5651
4246,5586,5652
4247,5586,5653
4248,5663,5662
4249,5652,5659
4250,5652,5660
4251,5652,5661
4252,5661,5666
4253,5659,5663
4254,5659,5664
4255,5659,5665
4256,5665,5667
4257,956,2026
4258,956,2027
4259,892,5668
4260,892,5669
4261,892,5670
4262,891,892
4263,891,893
4264,5668,5671
4265,2045,5672
4266,2045,5673
4267,2045,5677
4268,1004,2045
4269,1004,2046
4270,5141,5674
4271,5141,5675
4272,5141,5676
4273,992,5678
4274,992,5679
4275,992,5680
4276,5138,5139
4277,5138,5140
4278,5138,5141
4279,5135,5136
4280,5135,5137
4281,5137,5681
4282,948,3347
4283,948,3348
4284,948,3349
4285,5111,5685
4286,5111,5686
4287,5111,5690
4288,929,5109
4289,929,5110
4290,929,5111
4291,941,5691
4292,941,5692
4293,941,5693
4294,942,5682
4295,942,5683
4296,942,5684
4297,939,940
4298,939,941
4299,939,942
4300,5682,5687
4301,5682,5688
4302,5682,5689
4303,990,991
4304,990,992
4305,990,993
4306,973,5611
4307,973,5612
4308,973,5613
4309,5613,5701
4310,2775,2776
4311,5706,5702
4312,5706,5705
4313,5709,5707
4314,5709,5711
4315,5703,5714
4316,5703,5715
4317,5702,5703
4318,5702,5704
4319,2053,5716
4320,2053,5717
4321,2053,5718
4322,2039,2056
4323,2039,2057
4324,506,2052
4325,506,2053
4326,428,429
4327,428,430
4328,428,431
4329,430,5719
4330,430,5720
4331,422,423
4332,422,424
4333,5727,5726
4334,424,5723
4335,424,5724
4336,424,5725
4337,5721,5733
4338,5721,5736
4339,5733,5734
4340,5733,5735
4341,423,5721
4342,423,5722
4343,5722,5737
4344,5722,5738
4345,5722,5739
4346,5722,5740
4347,5739,5744
4348,5739,5745
4349,5723,5727
4350,5723,5728
4351,5723,5729
4352,5729,5749
4353,5729,5750
4354,5729,5751
4355,5725,5730
4356,5725,5731
4357,5725,5732
4358,5746,5752
4359,5746,5753
4360,5746,5754
4361,5754,5755
4362,5730,5741
4363,5730,5742
4364,5730,5743
4365,5743,5746
4366,5743,5747
4367,5743,5748
4368,3210,3215
4369,3210,3216
4370,989,2060
4371,989,2061
4372,989,2062
4373,2061,5756
4374,2061,5757
4375,2061,5758
4376,5757,5762
4377,944,5759
4378,944,5760
4379,944,5761
4380,5761,5763
4381,947,948
4382,947,949
4383,947,950
4384,988,2058
4385,988,2059
4386,950,5764
4387,950,5765
4388,950,5766
4389,946,5770
4390,946,5771
4391,946,5772
4392,2059,5767
4393,2059,5768
4394,2059,5769
4395,943,944
4396,943,945
4397,943,946
4398,998,999
4399,998,1000
4400,998,1001
4401,1001,5694
4402,1001,5695
4403,1001,5696
4404,1001,5697
4405,993,5698
4406,993,5699
4407,993,5700
4408,932,933
4409,932,934
4410,934,5773
4411,1024,1025
4412,1024,1026
4413,1024,1027
4414,971,5774
4415,971,5775
4416,971,5776
4417,971,5777
4418,969,970
4419,969,971
4420,976,977
4421,976,978
4422,976,979
4423,501,5778
4424,501,5779
4425,501,5780
4426,1027,1759
4427,1027,1760
4428,1027,1761
4429,499,500
4430,499,501
4431,938,981
4432,938,982
4433,1350,1888
4434,1350,1889
4435,1350,1890
4436,2424,2777
4437,2424,2778
4438,2424,2779
4439,2429,2788
4440,2429,2789
4441,2429,2790
4442,2438,2581
4443,2438,2582
4444,2438,2583
4445,2582,5781
4446,2433,2434
4447,2433,2435
4448,2433,2436
4449,2436,5782
4450,2577,2578
4451,2577,2579
4452,2577,2580
4453,2578,5783
4454,2571,5784
4455,2571,5785
4456,5785,5786
4457,2568,2783
4458,2568,2784
4459,2568,2785
4460,2784,5787
4461,2445,3188
4462,2445,3189
4463,2445,3190
4464,3185,4198
4465,3185,4199
4466,3185,4200
4467,4200,5788
4468,5791,5789
4469,5791,5792
4470,5275,5277
4471,5275,5278
4472,5278,5793
4473,5278,5794
4474,5278,5795
4475,5278,5796
4476,3192,5797
4477,3192,5798
4478,3192,5799
4479,3186,3202
4480,3186,3203
4481,3186,3204
4482,3195,3196
4483,3195,3197
4484,3195,3198
4485,4192,5806
4486,4192,5809
4487,4192,5810
4488,5592,5811
4489,5592,5815
4490,4926,5590
4491,4926,5591
4492,4926,5592
4493,5591,5812
4494,5591,5813
4495,5591,5814
4496,4924,5816
4497,4924,5817
4498,4921,4922
4499,4921,4923
4500,4921,4924
4501,493,494
4502,493,495
4503,495,5819
4504,1756,1757
4505,484,485
4506,484,486
4507,5066,5069
4508,5066,5070
4509,5066,5071
4510,5062,5064
4511,5062,5065
4512,5062,5066
4513,5069,5823
4514,5069,5824
4515,5069,5825
4516,5824,5829
4517,5824,5830
4518,5824,5831
4519,5831,5838
4520,5836,5839
4521,1733,1734
4522,1733,1735
4523,1733,1736
4524,1735,5835
4525,1735,5836
4526,1735,5837
4527,1753,5840
4528,1752,1753
4529,1752,1754
4530,1752,1755
4531,5064,5826
4532,5064,5827
4533,5064,5828
4534,5828,5845
4535,51,52
4536,51,53
4537,51,54
4538,51,55
4539,55,5832
4540,55,5833
4541,55,5834
4542,4511,4512
4543,1109,5846
4544,1110,4915
4545,1110,4916
4546,1107,1108
4547,1107,1109
4548,1107,1110
4549,534,535
4550,534,536
4551,534,537
4552,545,5850
4553,545,5851
4554,86,545
4555,180,181
4556,180,182
4557,179,542
4558,179,543
4559,179,544
4560,2119,2120
4561,2119,2121
4562,1595,1605
4563,1595,1606
4564,1595,1607
4565,1604,1619
4566,1604,1620
4567,1541,1556
4568,1541,1557
4569,696,4369
4570,696,4370
4571,1562,1563
4572,1562,1564
4573,1563,5857
4574,1545,4767
4575,1545,4768
4576,1545,4769
4577,1542,1543
4578,1542,1544
4579,1542,1545
4580,4767,5858
4581,2740,2744
4582,2740,2745
4583,2740,2746
4584,2742,4074
4585,2742,4075
4586,2742,4076
4587,1501,1502
4588,1501,1503
4589,1501,1504
4590,1475,1476
4591,1475,1477
4592,1475,1478
4593,1478,5862
4594,1478,5863
4595,1489,1490
4596,1489,1491
4597,1489,1492
4598,5865,5864
4599,742,4774
4600,4750,4751
4601,4750,4752
4602,4751,5867
4603,62,63
4604,62,6639
4605,5869,5871
4606,5869,5873
4607,76,5874
4608,1485,5875
4609,1485,5876
4610,5879,5877
4611,5877,5878
4612,5877,5879
4613,5877,5880
4614,3246,5881
4615,3246,5882
4616,5880,5883
4617,4311,5884
4618,4311,5885
4619,4302,4309
4620,4302,4310
4621,371,372
4622,371,373
4623,369,370
4624,681,4288
4625,3640,3641
4626,3640,3642
4627,684,5888
4628,684,5889
4629,678,4785
4630,4289,4290
4631,4289,4291
4632,4290,4726
4633,5896,5892
4634,5896,5895
4635,5895,5896
4636,4710,5897
4637,4710,5898
4638,4709,4710
4639,4709,4711
4640,4744,4745
4641,5900,5899
4642,4743,6640
4643,4743,5900
4644,3245,3246
4645,3245,3247
4646,3616,3617
4647,4742,4743
4648,4742,6641
4649,401,5903
4650,391,401
4651,391,402
4652,391,403
4653,391,404
4654,4809,4810
4655,4809,4811
4656,5908,5910
4657,4811,5907
4658,4811,5908
4659,4811,5909
4660,403,5904
4661,403,5905
4662,403,5906
4663,341,4823
4664,341,4824
4665,1537,4422
4666,1537,4423
4667,1173,5568
4668,1173,5569
4669,1173,5570
4670,1172,1173
4671,1172,1174
4672,565,566
4673,565,567
4674,1285,4424
4675,1285,4425
4676,567,5911
4677,567,5912
4678,567,5913
4679,4424,5914
4680,4424,5915
4681,336,337
4682,336,338
4683,390,393
4684,390,394
4685,390,395
4686,390,396
4687,1520,1523
4688,1520,1524
4689,1524,5917
4690,1524,5918
4691,1523,5916
4692,1523,6642
4693,5916,5919
4694,246,1175
4695,246,1176
4696,246,1177
4697,241,242
4698,241,243
4699,241,244
4700,244,1844
4701,244,1845
4702,244,1846
4703,244,1847
4704,259,1796
4705,259,1797
4706,259,1798
4707,258,1792
4708,258,1793
4709,258,1794
4710,256,257
4711,256,258
4712,256,259
4713,256,260
4714,1814,3225
4715,1814,3226
4716,1814,3227
4717,1246,1811
4718,1246,1812
4719,1246,1813
4720,1246,1814
4721,563,5923
4722,563,5924
4723,563,5925
4724,1163,1164
4725,1163,1165
4726,1163,1166
4727,1823,5926
4728,1823,5927
4729,1823,5928
4730,1820,1821
4731,1820,1822
4732,1820,1823
4733,562,563
4734,562,564
4735,3513,4163
4736,3513,4164
4737,1804,4157
4738,1804,4158
4739,1804,4159
4740,1855,4149
4741,1855,4150
4742,1855,4151
4743,1854,1855
4744,1854,1856
4745,1854,1857
4746,4147,4160
4747,4147,4161
4748,4147,4162
4749,1876,3484
4750,1876,3485
4751,1876,3486
4752,3467,3468
4753,3467,3469
4754,3469,5929
4755,3469,5930
4756,558,559
4757,558,560
4758,558,561
4759,561,5920
4760,561,5921
4761,561,5922
4762,252,3224
4763,5932,5931
4764,4374,4375
4765,4374,4376
4766,366,367
4767,366,368
4768,1558,1559
4769,1558,1560
4770,1558,1561
4771,368,5935
4772,368,5936
4773,368,5937
4774,3795,3796
4775,3795,3797
4776,3795,3798
4777,1479,1480
4778,1479,1481
4779,1479,1482
4780,410,5941
4781,410,5942
4782,410,5943
4783,410,5946
4784,5940,5944
4785,5940,5945
4786,1481,5938
4787,1481,5939
4788,1481,5940
4789,5946,5947
4790,405,406
4791,405,407
4792,405,408
4793,406,3618
4794,406,3619
4795,406,3620
4796,3805,3824
4797,3805,3825
4798,3827,4740
4799,3827,4741
4800,4501,5948
4801,4501,5949
4802,4501,5953
4803,31,4500
4804,31,4501
4805,504,5588
4806,504,5589
4807,5604,5605
4808,5604,5606
4809,921,5656
4810,921,5657
4811,921,5658
4812,919,920
4813,919,921
4814,919,922
4815,99,5595
4816,99,5596
4817,5705,5706
4818,5707,5708
4819,5707,5709
4820,5707,5710
4821,97,872
4822,97,873
4823,97,874
4824,5588,5712
4825,5588,5713
4826,190,191
4827,5252,5954
4828,5252,5955
4829,44,1767
4830,44,1768
4831,44,1769
4832,45,46
4833,45,47
4834,47,5251
4835,47,5252
4836,4006,5956
4837,1043,1358
4838,1043,1359
4839,1043,1360
4840,1043,1361
4841,1624,2592
4842,1624,2593
4843,1624,2594
4844,2593,3257
4845,2593,3258
4846,2593,3259
4847,2593,3260
4848,1621,1622
4849,1621,1623
4850,1621,1624
4851,1376,4979
4852,1376,4980
4853,21,1367
4854,21,1368
4855,21,1369
4856,762,5648
4857,762,5649
4858,1589,2603
4859,1589,2604
4860,1589,2605
4861,757,3947
4862,757,3948
4863,757,3949
4864,760,761
4865,760,762
4866,2648,2678
4867,2648,2679
4868,2648,2680
4869,2648,2681
4870,690,802
4871,690,803
4872,690,804
4873,192,193
4874,192,194
4875,5441,5442
4876,5441,5443
4877,5444,5445
4878,450,5967
4879,449,450
4880,449,451
4881,6643,5968
4882,515,518
4883,360,361
4884,360,362
4885,52,5842
4886,52,5843
4887,52,5844
4888,2209,2232
4889,2209,2233
4890,2233,4464
4891,2233,4465
4892,268,269
4893,1336,5971
4894,1336,5974
4895,5072,5073
4896,3398,6644
4897,3398,6645
4898,2064,2076
4899,2064,2077
4900,2077,3053
4901,1459,1460
4902,1459,1461
4903,2766,2767
4904,2669,2670
4905,2669,2671
4906,2669,2672
4907,1970,2843
4908,1970,2844
4909,6524,5978
4910,6524,5979
4911,5149,5150
4912,1359,4917
4913,1359,4918
4914,1358,4395
4915,1358,4396
4916,1358,4397
4917,4826,4827
4918,4826,4828
4919,269,5969
4920,269,5970
4921,2176,5400
4922,2176,5401
4923,5510,5527
4924,5510,5528
4925,2667,5992
4926,2664,2665
4927,2664,2666
4928,2664,2667
4929,1920,1923
4930,1920,1924
4931,1920,1925
4932,1389,1390
4933,1389,1391
4934,1389,1392
4935,1381,1382
4936,1381,1383
4937,1381,1384
4938,1384,2540
4939,1384,2541
4940,1384,2542
4941,1940,1941
4942,1940,1942
4943,1313,2824
4944,1313,2825
4945,1313,2826
4946,1322,2839
4947,1322,2840
4948,1322,2841
4949,2830,5996
4950,2830,5997
4951,2830,5998
4952,2828,2829
4953,2828,2830
4954,2828,2831
4955,1312,1313
4956,1312,1314
4957,1312,1315
4958,2821,3090
4959,2821,3091
4960,2821,3092
4961,2852,5999
4962,1318,2817
4963,1318,2818
4964,1318,2819
4965,2850,2851
4966,2850,2852
4967,2850,2853
4968,2802,2820
4969,2802,2821
4970,2802,2822
4971,1309,1328
4972,1309,1329
4973,1309,1330
4974,2808,4195
4975,2808,4196
4976,2808,4197
4977,2806,3416
4978,2806,3417
4979,2806,3418
4980,1308,1325
4981,1308,1326
4982,1308,1327
4983,1325,6000
4984,1325,6001
4985,1325,6002
4986,3541,6003
4987,3541,6004
4988,3541,6005
4989,2855,3539
4990,2855,3540
4991,2855,3541
4992,3180,6006
4993,3177,3178
4994,3177,3179
4995,3177,3180
4996,2349,6007
4997,2347,2348
4998,2347,2349
4999,2347,2350
5000,5799,5803
5001,5799,5804
5002,5799,5805
5003,5331,6008
5004,5330,6009
5005,5324,5329
5006,5324,5330
5007,5324,5331
5008,5216,5312
5009,5207,5313
5010,4645,4646
5011,4645,4647
5012,4645,4648
5013,128,2135
5014,128,2136
5015,2136,6010
5016,2136,6011
5017,2136,6012
5018,6019,6018
5019,6020,6022
5020,6016,6019
5021,6016,6020
5022,6016,6021
5023,5227,6015
5024,5227,6016
5025,5227,6017
5026,3687,5225
5027,3687,5226
5028,3687,5227
5029,3665,6023
5030,3662,3663
5031,3662,3664
5032,3662,3665
5033,6026,6024
5034,6025,6029
5035,6024,6025
5036,6024,6026
5037,6024,6027
5038,6024,6028
5039,6030,6035
5040,6037,6036
5041,6031,6037
5042,6031,6038
5043,6031,6039
5044,6038,6040
5045,6027,6030
5046,6027,6031
5047,6027,6032
5048,6044,6041
5049,6041,6042
5050,6041,6043
5051,6041,6044
5052,6053,6051
5053,6052,6056
5054,6045,6052
5055,6045,6053
5056,6045,6054
5057,6045,6055
5058,6054,6057
5059,6047,6058
5060,6042,6045
5061,6042,6046
5062,6042,6047
5063,6043,6048
5064,6043,6049
5065,6043,6050
5066,6050,6062
5067,6060,6063
5068,3669,6059
5069,3669,6060
5070,3669,6061
5071,3666,3667
5072,3666,3668
5073,3666,3669
5074,2207,5217
5075,2207,5218
5076,6646,6064
5077,2473,6065
5078,2471,2472
5079,2471,2473
5080,5236,5237
5081,5236,5238
5082,5238,6066
5083,5238,6067
5084,5239,5240
5085,5239,5241
5086,5501,6068
5087,4886,5029
5088,4886,5030
5089,4886,5031
5090,3878,6069
5091,3876,3877
5092,3876,3878
5093,3876,3879
5094,3879,6070
5095,3879,6071
5096,3879,6072
5097,3871,6073
5098,3871,6074
5099,3871,6075
5100,3854,3869
5101,3854,3870
5102,3854,3871
5103,5194,6076
5104,5194,6080
5105,5194,6081
5106,3857,3858
5107,3857,3859
5108,3857,3860
5109,3860,6082
5110,3860,6083
5111,3860,6084
5112,6077,6085
5113,6077,6086
5114,6077,6087
5115,6076,6077
5116,6076,6078
5117,6076,6079
5118,3864,5192
5119,3864,5193
5120,3864,5194
5121,5544,5545
5122,5544,5546
5123,5544,5547
5124,5539,5540
5125,5539,5541
5126,5539,5542
5127,3757,6088
5128,3757,6092
5129,3757,6093
5130,3736,3755
5131,3736,3756
5132,3736,3757
5133,3762,3763
5134,3762,3764
5135,3762,3765
5136,3755,6089
5137,3755,6090
5138,3755,6091
5139,3729,3730
5140,3729,3731
5141,3729,3732
5142,3732,6094
5143,3732,6095
5144,3732,6096
5145,3740,6097
5146,3740,6098
5147,3740,6099
5148,3737,3738
5149,3737,3739
5150,3737,3740
5151,3369,6100
5152,3369,6101
5153,3369,6105
5154,3367,3368
5155,3367,3369
5156,6106,6109
5157,6106,6110
5158,6106,6111
5159,3721,3722
5160,3721,3723
5161,3721,3724
5162,6103,6115
5163,6103,6116
5164,6103,6117
5165,6101,6102
5166,6101,6103
5167,6101,6104
5168,6105,6106
5169,6105,6107
5170,6105,6108
5171,3723,6112
5172,3723,6113
5173,3723,6114
5174,6121,6118
5175,6121,6122
5176,6121,6125
5177,3068,6123
5178,3068,6124
5179,6125,6126
5180,6125,6127
5181,6125,6128
5182,6119,6129
5183,6119,6130
5184,6119,6131
5185,6128,6132
5186,6128,6133
5187,6128,6134
5188,6131,6135
5189,6131,6136
5190,6131,6137
5191,6132,6138
5192,6132,6139
5193,6132,6140
5194,6135,6141
5195,6135,6142
5196,6135,6143
5197,3724,3752
5198,3724,3753
5199,3724,3754
5200,3754,6144
5201,3754,6145
5202,3754,6146
5203,3067,3068
5204,3067,3069
5205,3069,6119
5206,3069,6120
5207,3069,6121
5208,3098,3115
5209,3098,3116
5210,3098,3117
5211,3095,3098
5212,3095,3099
5213,3095,3100
5214,538,539
5215,538,540
5216,538,541
5217,536,5847
5218,536,5848
5219,536,5849
5220,539,6147
5221,539,6148
5222,539,6149
5223,5854,5950
5224,5854,5951
5225,5854,5952
5226,2121,5854
5227,2121,5855
5228,2121,5856
5229,5852,6150
5230,5852,6151
5231,5852,6152
5232,1112,1113
5233,1112,1114
5234,4079,4080
5235,4079,4081
5236,5131,5132
5237,3053,5975
5238,3053,5976
5239,3543,3938
5240,6158,6153
5241,6158,6157
5242,6158,6161
5243,3429,6166
5244,3429,6167
5245,3429,6172
5246,6171,6173
5247,6164,6168
5248,6164,6169
5249,6164,6170
5250,6164,6171
5251,3426,6178
5252,3426,6181
5253,3426,6182
5254,485,5822
5255,1754,5841
5256,3057,3059
5257,4976,4977
5258,4976,4978
5259,4978,6185
5260,602,4669
5261,602,4670
5262,4669,6186
5263,3499,4256
5264,3499,4257
5265,3499,4258
5266,2570,2571
5267,5262,5519
5268,5262,5520
5269,3356,4408
5270,4408,6187
5271,4408,6188
5272,280,6189
5273,277,278
5274,277,279
5275,277,280
5276,277,281
5277,3435,5607
5278,3435,5608
5279,479,3433
5280,479,3434
5281,479,3435
5282,1973,2455
5283,1973,2456
5284,1973,2457
5285,1972,2454
5286,1321,1322
5287,1321,1323
5288,1321,1324
5289,1323,5993
5290,1323,5994
5291,1323,5995
5292,91,92
5293,91,93
5294,4539,4540
5295,3007,3008
5296,3007,3009
5297,3006,5437
5298,6357,6190
5299,6357,6191
5300,210,1674
5301,210,1675
5302,202,2393
5303,202,2394
5304,207,208
5305,207,209
5306,207,210
5307,212,219
5308,212,220
5309,212,221
5310,4749,6192
5311,27,28
5312,27,29
5313,3254,6193
5314,3254,6194
5315,2907,4919
5316,2907,4920
5317,26,2345
5318,26,2346
5319,2345,2916
5320,2345,2917
5321,24,25
5322,24,26
5323,2410,2420
5324,2410,2421
5325,2410,2422
5326,1493,5865
5327,1493,5866
5328,419,420
5329,419,421
5330,420,4775
5331,420,4776
5332,738,1493
5333,738,1494
5334,738,1495
5335,728,729
5336,728,730
5337,728,731
5338,1583,6195
5339,1583,6196
5340,709,710
5341,709,711
5342,710,4757
5343,710,4758
5344,705,4815
5345,705,4816
5346,3252,3253
5347,3252,3254
5348,1567,4367
5349,1567,4368
5350,1566,1567
5351,1566,1568
5352,782,799
5353,782,800
5354,782,801
5355,787,5983
5356,787,5984
5357,787,5985
5358,3295,3300
5359,3295,3301
5360,4504,5523
5361,2697,2698
5362,2697,2699
5363,2697,2700
5364,2700,5128
5365,2700,5129
5366,1129,1131
5367,1129,1132
5368,548,2104
5369,2085,2086
5370,2120,5852
5371,2120,5853
5372,4432,4761
5373,4305,4755
5374,4305,4756
5375,4912,6197
5376,4912,6199
5377,4912,6200
5378,3592,6203
5379,3592,6205
5380,4488,4763
5381,4488,4764
5382,4821,6201
5383,4821,6202
5384,4715,6206
5385,4715,6207
5386,3251,4821
5387,3251,4822
5388,364,4715
5389,364,4716
5390,4716,6208
5391,4759,4912
5392,4759,4913
5393,4913,6198
5394,3336,3592
5395,3336,3593
5396,3593,6204
5397,1680,4639
5398,5389,6209
5399,5389,6212
5400,2131,2132
5401,6314,6213
5402,3782,5388
5403,3782,5389
5404,3782,5390
5405,3044,3045
5406,3044,6647
5407,3045,4933
5408,3045,4934
5409,2335,3016
5410,14,1421
5411,14,1422
5412,14,1423
5413,2474,2475
5414,2474,2476
5415,676,4246
5416,676,4247
5417,1602,3157
5418,1602,3158
5419,1602,3159
5420,859,860
5421,859,861
5422,859,862
5423,860,6215
5424,857,4022
5425,857,4023
5426,4023,5634
5427,4023,5635
5428,752,753
5429,752,754
5430,752,755
5431,914,3556
5432,914,3557
5433,914,3558
5434,3555,3572
5435,3555,3573
5436,3555,3574
5437,865,3575
5438,865,3576
5439,865,3577
5440,3944,4177
5441,3944,4178
5442,2926,3944
5443,2926,3945
5444,831,2925
5445,831,2926
5446,821,829
5447,821,830
5448,821,831
5449,3578,3579
5450,3578,3580
5451,836,6220
5452,836,6221
5453,2659,6222
5454,2659,6223
5455,2654,2864
5456,2654,2865
5457,2649,2682
5458,2649,2683
5459,1007,2814
5460,1007,2815
5461,1007,2816
5462,1009,1010
5463,1009,1011
5464,1009,1012
5465,1335,1336
5466,1335,1337
5467,1337,5287
5468,1337,5288
5469,904,1331
5470,904,1332
5471,1012,5972
5472,1012,5973
5473,2681,5962
5474,2681,5963
5475,2681,5964
5476,5962,6226
5477,5962,6227
5478,5962,6228
5479,2663,6229
5480,2663,6230
5481,2663,6231
5482,2660,2661
5483,2660,2662
5484,2660,2663
5485,2671,5977
5486,1179,6233
5487,409,410
5488,2764,2765
5489,2816,6224
5490,2816,6225
5491,4990,4991
5492,6154,6234
5493,6154,6238
5494,6154,6241
5495,6153,6154
5496,6153,6155
5497,6153,6156
5498,3428,3429
5499,3428,3430
5500,3427,6174
5501,3427,6175
5502,3427,6176
5503,3427,6177
5504,3423,3424
5505,3423,3425
5506,3423,3426
5507,3423,3427
5508,4986,5001
5509,4986,5002
5510,6241,6242
5511,5514,5515
5512,5514,5516
5513,2658,2659
5514,2704,2705
5515,2704,2706
5516,2704,2707
5517,2704,2708
5518,5100,5142
5519,5100,5143
5520,5100,5144
5521,4972,6250
5522,4972,6251
5523,4972,6252
5524,4999,5000
5525,3206,6648
5526,3206,4194
5527,5282,5800
5528,5282,5801
5529,5282,5802
5530,5000,5807
5531,5000,5808
5532,6649,6255
5533,6650,6256
5534,2446,4186
5535,2446,4187
5536,2446,4188
5537,6160,6258
5538,6245,6259
5539,726,5859
5540,726,5860
5541,726,5861
5542,3613,3614
5543,3613,3615
5544,724,6260
5545,724,6261
5546,722,724
5547,722,725
5548,183,184
5549,183,185
5550,183,186
5551,1584,6262
5552,1584,6263
5553,1578,1579
5554,1578,1580
5555,1578,1581
5556,695,4734
5557,695,4735
5558,4331,4349
5559,4331,4350
5560,184,5986
5561,184,5987
5562,792,793
5563,792,794
5564,792,795
5565,194,5965
5566,194,5966
5567,4390,6264
5568,4390,6265
5569,4355,4358
5570,4355,4359
5571,4355,4360
5572,1925,2898
5573,1925,2899
5574,1925,2900
5575,1925,2901
5576,6267,6273
5577,6267,6274
5578,6269,6275
5579,6269,6278
5580,6269,6279
5581,2898,6267
5582,2898,6268
5583,2898,6269
5584,46,5957
5585,46,5958
5586,689,4390
5587,689,4391
5588,1065,4386
5589,1065,4387
5590,1065,4388
5591,1065,4389
5592,4429,4748
5593,4429,4749
5594,4748,6281
5595,6229,6232
5596,3921,3922
5597,3921,3923
5598,5190,5191
5599,3922,6282
5600,3848,6287
5601,3848,6288
5602,3847,3848
5603,3847,3849
5604,296,2709
5605,296,2710
5606,296,2711
5607,2711,6290
5608,2715,2716
5609,2715,2717
5610,2715,2718
5611,2721,6291
5612,2721,6292
5613,2721,6293
5614,2706,4869
5615,2706,4870
5616,2706,4871
5617,685,686
5618,685,687
5619,4413,4414
5620,4413,4415
5621,4785,5890
5622,4785,5891
5623,683,684
5624,2461,2462
5625,2461,2463
5626,3788,5583
5627,3788,5584
5628,3788,5585
5629,3846,6297
5630,3846,6298
5631,3792,3793
5632,3792,3794
5633,3787,3788
5634,3787,3789
5635,3787,3790
5636,5430,5431
5637,5430,5432
5638,2312,6302
5639,2312,6303
5640,5376,5414
5641,5376,5415
5642,5376,5416
5643,3794,5536
5644,3794,5537
5645,3794,5538
5646,5431,6301
5647,5412,5417
5648,5412,5418
5649,5412,5419
5650,2457,4406
5651,2457,4407
5652,1728,2021
5653,1728,2022
5654,1728,2023
5655,6651,6307
5656,6542,6308
5657,6542,6309
5658,4998,6310
5659,4993,4994
5660,4993,4995
5661,6182,6183
5662,6182,6184
5663,4988,5284
5664,4996,4997
5665,4996,4998
5666,4605,5530
5667,4605,5531
5668,6483,6311
5669,6483,6312
5670,6312,6313
5671,6312,6314
5672,5421,5422
5673,5421,5423
5674,5423,6316
5675,5423,6317
5676,6313,6315
5677,5086,5087
5678,5086,5088
5679,459,460
5680,3844,3845
5681,3844,3846
5682,5584,6296
5683,6209,6210
5684,6209,6211
5685,3780,3781
5686,3780,3782
5687,3780,3783
5688,144,155
5689,144,156
5690,144,157
5691,131,4628
5692,131,4629
5693,131,4630
5694,4630,6320
5695,132,444
5696,132,445
5697,132,446
5698,129,130
5699,129,131
5700,129,132
5701,5049,5057
5702,5049,5058
5703,6322,6323
5704,6322,6324
5705,4657,5048
5706,5892,5893
5707,5892,5894
5708,4786,4794
5709,2763,5181
5710,2763,5182
5711,511,512
5712,465,6327
5713,465,6328
5714,2311,2312
5715,2311,2313
5716,2295,2305
5717,2295,2306
5718,2295,2307
5719,464,6329
5720,6652,6330
5721,2720,2721
5722,2720,2722
5723,2720,2723
5724,6653,6331
5725,4958,4959
5726,4958,4960
5727,4960,5160
5728,4960,5161
5729,4960,5162
5730,2713,5576
5731,5159,5166
5732,5476,5483
5733,5476,5484
5734,4583,6332
5735,4583,6333
5736,447,4661
5737,447,4662
5738,135,447
5739,135,448
5740,5462,5464
5741,5462,5465
5742,4576,4587
5743,4567,4581
5744,4567,4582
5745,4567,4583
5746,4551,5452
5747,4551,5453
5748,5452,6334
5749,4597,5460
5750,4597,5461
5751,5459,5466
5752,4577,4578
5753,4577,4579
5754,141,5496
5755,1070,4009
5756,1070,4010
5757,1070,4011
5758,4011,6336
5759,1707,1708
5760,1707,1709
5761,3798,3828
5762,3798,3829
5763,3798,3830
5764,4221,6337
5765,4221,6341
5766,4221,6342
5767,616,4219
5768,616,4220
5769,616,4221
5770,4261,4262
5771,4261,4263
5772,4261,4264
5773,4261,4265
5774,4265,6346
5775,6337,6338
5776,6337,6339
5777,6337,6340
5778,4263,6343
5779,4263,6344
5780,4263,6345
5781,6340,6347
5782,6340,6348
5783,6340,6349
5784,5574,6350
5785,5574,6351
5786,5134,6352
5787,5134,6353
5788,2242,5133
5789,2242,5134
5790,109,110
5791,124,125
5792,1521,1525
5793,1521,1526
5794,1525,4844
5795,1525,4845
5796,1525,4846
5797,2731,2732
5798,2731,2733
5799,2731,2734
5800,2734,6358
5801,3050,6359
5802,3050,6654
5803,6655,6361
5804,6656,6362
5805,6359,6360
5806,6481,6366
5807,6481,6367
5808,631,632
5809,264,265
5810,264,266
5811,6372,6370
5812,6372,6371
5813,6372,6375
5814,6375,6376
5815,6379,6377
5816,6379,6381
5817,6391,6385
5818,4957,6386
5819,4957,6657
5820,6386,6387
5821,6386,6388
5822,6658,6392
5823,6396,6393
5824,6396,6395
5825,6396,6397
5826,6395,6396
5827,6417,6401
5828,6417,6402
5829,6286,6405
5830,6286,6408
5831,6398,6409
5832,6398,6410
5833,2798,6406
5834,2798,6407
5835,1916,1919
5836,2797,2798
5837,2797,2799
5838,1919,6411
5839,1919,6412
5840,2799,6413
5841,2799,6414
5842,6159,6415
5843,6159,6659
5844,6282,6285
5845,6282,6286
5846,6415,6416
5847,6415,6417
5848,3425,6235
5849,3425,6236
5850,3425,6237
5851,6165,6418
5852,6161,6162
5853,6161,6163
5854,6161,6164
5855,6161,6165
5856,6156,6246
5857,6156,6247
5858,6156,6248
5859,6156,6249
5860,6238,6239
5861,6238,6240
5862,6157,6158
5863,6157,6159
5864,6157,6160
5865,6155,6243
5866,6155,6244
5867,6155,6245
5868,6397,6398
5869,6397,6399
5870,6397,6400
5871,6420,6419
5872,6419,6660
5873,6419,6420
5874,2881,2882
5875,2881,2883
5876,2881,2884
5877,6279,6280
5878,6354,6424
5879,6354,6425
5880,2882,6421
5881,2882,6422
5882,2882,6423
5883,2896,3161
5884,2884,6270
5885,2884,6271
5886,2884,6272
5887,6275,6276
5888,6275,6277
5889,5133,6354
5890,5133,6355
5891,6355,6426
5892,6355,6427
5893,6355,6428
5894,2895,6433
5895,2895,6434
5896,2895,6435
5897,3161,6429
5898,3161,6430
5899,2890,2894
5900,2890,2895
5901,2890,2896
5902,6270,6431
5903,6270,6432
5904,2877,2897
5905,1938,1945
5906,1938,1946
5907,5281,5282
5908,5281,5283
5909,279,4345
5910,279,4346
5911,279,4347
5912,279,4348
5913,3934,5023
5914,3934,5024
5915,3934,5025
5916,3924,3925
5917,3924,3926
5918,3924,3927
5919,3924,3928
5920,3928,5041
5921,3928,5042
5922,3928,5043
5923,3928,5044
5924,4693,4694
5925,4693,4695
5926,4693,4696
5927,1908,6438
5928,1906,1907
5929,1906,1908
5930,6441,6439
5931,1921,6440
5932,1921,6441
5933,1921,6442
5934,6440,6443
5935,1903,1920
5936,1903,1921
5937,1375,2391
5938,1375,2392
5939,4687,4704
5940,4687,4705
5941,4687,4706
5942,4679,4690
5943,4679,4691
5944,4679,4692
5945,4675,4676
5946,4675,4677
5947,4675,4678
5948,4675,4679
5949,4678,4701
5950,4678,4702
5951,4678,4703
5952,4950,6382
5953,4950,6383
5954,4950,6384
5955,5015,5016
5956,5503,6446
5957,5503,6661
5958,4955,6378
5959,4955,6379
5960,4955,6380
5961,4703,4955
5962,4703,4956
5963,4703,4957
5964,4695,6436
5965,4695,6437
5966,4949,4950
5967,4949,4951
5968,4949,4952
5969,4876,4877
5970,4876,4878
5971,4876,4879
5972,3358,5039
5973,3358,5040
5974,4944,4945
5975,4944,4946
5976,4946,5501
5977,4946,5502
5978,4946,5503
5979,4859,6447
5980,4859,6450
5981,4859,6453
5982,6447,6448
5983,6447,6449
5984,6453,6454
5985,6453,6455
5986,6453,6456
5987,4934,6662
5988,4934,6214
5989,6214,6463
5990,4496,6464
5991,4494,4495
5992,4494,4496
5993,6374,6468
5994,6374,6469
5995,6451,6470
5996,6451,6471
5997,4086,4859
5998,1664,5243
5999,1664,5244
6000,1658,1659
6001,1658,1660
6002,1658,1661
6003,470,1462
6004,470,1463
6005,470,1464
6006,466,467
6007,466,468
6008,4114,4860
6009,4114,4861
6010,629,6472
6011,629,6473
6012,577,629
6013,577,630
6014,4065,4552
6015,4065,4553
6016,4065,4554
6017,675,4266
6018,675,4267
6019,675,4268
6020,4268,6372
6021,4268,6373
6022,4268,6374
6023,670,671
6024,670,672
6025,670,673
6026,3839,4862
6027,3839,4863
6028,672,3838
6029,672,3839
6030,672,3840
6031,3531,6476
6032,3281,5529
6033,4670,4672
6034,4670,4673
6035,4358,6266
6036,4315,4317
6037,4315,4318
6038,4315,4319
6039,719,1484
6040,719,1485
6041,720,1487
6042,720,1488
6043,723,726
6044,723,727
6045,713,716
6046,713,717
6047,713,718
6048,1550,1551
6049,1550,1552
6050,1550,1553
6051,718,6477
6052,718,6478
6053,718,6479
6054,1582,1583
6055,1582,1584
6056,1582,1585
6057,733,1505
6058,733,1506
6059,733,1507
6060,3621,3624
6061,3621,3625
6062,595,4060
6063,595,4061
6064,4060,4558
6065,4060,4559
6066,4060,4560
6067,596,4062
6068,596,4063
6069,596,4064
6070,597,598
6071,597,599
6072,6360,6364
6073,6360,6365
6074,4402,6482
6075,104,105
6076,104,106
6077,105,6481
6078,611,2175
6079,611,2176
6080,2175,5988
6081,2175,5989
6082,5,3750
6083,5,3751
6084,2135,6013
6085,2135,6014
6086,3381,3681
6087,3381,3682
6088,3381,3683
6089,3681,6033
6090,3681,6034
6091,3370,3371
6092,3370,3372
6093,3370,3373
6094,3386,6486
6095,3386,6487
6096,4587,6335
6097,4587,6663
6098,445,6321
6099,445,6322
6100,1757,5820
6101,1757,5821
6102,293,3219
6103,3925,4898
6104,3925,4899
6105,3925,4900
6106,4923,5818
6107,6449,6459
6108,6449,6460
6109,6449,6461
6110,6460,6490
6111,4229,4230
6112,4229,4231
6113,2374,2375
6114,2374,2376
6115,2315,2377
6116,2315,2378
6117,2362,2384
6118,2362,2385
6119,1212,4506
6120,3463,3464
6121,3463,3465
6122,3463,3466
6123,1827,3475
6124,1827,3476
6125,1827,3477
6126,1871,1872
6127,1871,1873
6128,1871,1874
6129,1797,3460
6130,1797,3461
6131,1797,3462
6132,3457,3458
6133,3457,3459
6134,3459,4085
6135,3459,4086
6136,4085,6451
6137,4085,6452
6138,6452,6493
6139,6452,6494
6140,6452,6495
6141,6474,6496
6142,6474,6497
6143,6474,6498
6144,6373,6474
6145,6373,6475
6146,6455,6462
6147,2351,6499
6148,2,2351
6149,2,2352
6150,3691,3695
6151,3691,3696
6152,3691,3697
6153,3697,5306
6154,3697,5307
6155,5210,5211
6156,5210,5212
6157,2352,6500
6158,2352,6501
6159,2352,6502
6160,3,2353
6161,3,2354
6162,3,2355
6163,2245,6503
6164,2245,6504
6165,2245,6505
6166,2243,2244
6167,2243,2245
6168,6505,6506
6169,6505,6507
6170,6505,6508
6171,6507,6510
6172,6506,6509
6173,5527,5990
6174,5527,5991
6175,463,464
6176,463,465
6177,4284,6511
6178,4284,6512
6179,4283,6465
6180,4283,6466
6181,4283,6467
6182,3504,6513
6183,3504,6514
6184,3507,4282
6185,3507,4283
6186,3507,4284
6187,5378,5379
6188,5378,5380
6189,5378,5381
6190,5379,5393
6191,5379,5394
6192,5379,5395
6193,3776,3777
6194,3776,3778
6195,3776,3779
6196,3779,6318
6197,3779,6319
6198,3790,6299
6199,3790,6300
6200,5356,5357
6201,5356,5358
6202,5360,5579
6203,5360,5580
6204,4066,4555
6205,4066,4556
6206,6362,6363
6207,4441,5296
6208,1914,2247
6209,1914,2248
6210,2248,5117
6211,6664,6516
6212,5089,5090
6213,5089,6665
6214,6666,6517
6215,6667,6518
6216,5094,5222
6217,5094,5223
6218,775,4004
6219,775,4005
6220,775,4006
6221,772,773
6222,772,774
6223,772,775
6224,844,845
6225,844,846
6226,845,6519
6227,847,848
6228,847,849
6229,3580,6218
6230,3580,6219
6231,3579,6216
6232,3579,6217
6233,2921,3581
6234,2921,3582
6235,767,851
6236,767,852
6237,4604,4634
6238,4604,4635
6239,4604,4636
6240,73,75
6241,73,6668
6242,73,76
6243,966,2018
6244,966,2019
6245,877,885
6246,877,886
6247,877,887
6248,890,895
6249,890,896
6250,889,965
6251,889,966
6252,4064,4277
6253,4064,4278
6254,4064,4279
6255,113,114
6256,3076,3077
6257,3076,3078
6258,2459,6524
6259,5403,6525
6260,2483,5403
6261,2483,5404
6262,2768,6527
6263,2768,6528
6264,1346,2768
6265,1297,5285
6266,1297,5286
6267,823,836
6268,823,837
6269,823,838
6270,838,6520
6271,838,6521
6272,838,6522
6273,1094,6529
6274,1091,1092
6275,1091,1093
6276,1091,1094
6277,3966,6530
6278,3963,3964
6279,3963,3965
6280,3963,3966
6281,1360,3221
6282,1360,3222
6283,1360,3223
6284,2617,5980
6285,2617,5981
6286,2617,5982
6287,2614,2615
6288,2614,2616
6289,2614,2617
6290,2632,6531
6291,2626,2630
6292,2626,2631
6293,2626,2632
6294,2277,2365
6295,2277,2366
6296,2277,2367
6297,2465,2466
6298,2359,4253
6299,2359,4254
6300,2359,4255
6301,2487,2488
6302,2487,2489
6303,2385,6491
6304,2385,6492
6305,4218,4226
6306,4218,4227
6307,4218,4228
6308,4228,4234
6309,4228,4235
6310,4228,4236
6311,2494,5574
6312,2494,5575
6313,5575,6484
6314,5575,6485
6315,467,5521
6316,467,5522
6317,1952,1953
6318,1952,1954
6319,1937,1943
6320,1937,1944
6321,314,1949
6322,313,1947
6323,313,1948
6324,3394,3395
6325,3394,3396
6326,3385,3386
6327,3385,3387
6328,3392,3393
6329,3627,4361
6330,3627,4362
6331,6390,6535
6332,4697,4698
6333,4697,4699
6334,4697,4700
6335,4699,6536
6336,4699,6537
6337,4699,6538
6338,6538,6540
6339,6537,6539
6340,5184,5188
6341,6543,6541
6342,3861,3862
6343,3855,3856
6344,3403,3404
6345,3403,3405
6346,529,2771
6347,529,2772
6348,953,3213
6349,953,3214
6350,951,952
6351,951,953
6352,2707,5104
6353,2707,5105
6354,2707,5106
6355,1706,5886
6356,1706,5887
6357,1702,1704
6358,1702,1705
6359,1702,1706
6360,4662,5494
6361,4662,5495
6362,5871,6669
6363,5871,5872
6364,6670,6544
6365,6671,6545
6366,56,57
6367,61,6546
6368,61,6547
6369,60,61
6370,63,5868
6371,63,5869
6372,63,5870
6373,5416,6305
6374,5416,6306
6375,5410,5436
6376,586,587
6377,586,588
6378,253,254
6379,253,255
6380,254,5932
6381,254,5933
6382,254,5934
6383,5934,6548
6384,1151,3502
6385,1151,3503
6386,1151,3504
6387,3936,5017
6388,3936,5018
6389,3936,5019
6390,4342,4901
6391,4342,4902
6392,4342,4903
6393,3773,5007
6394,3773,5008
6395,3773,5009
6396,3366,5034
6397,3366,5035
6398,4515,4516
6399,4515,4517
6400,3725,3726
6401,3725,3727
6402,3725,3728
6403,3070,3071
6404,3373,3704
6405,3373,3705
6406,3373,3706
6407,3410,5219
6408,3410,5220
6409,3410,5221
6410,4971,4972
6411,4971,4973
6412,4971,4974
6413,3530,5247
6414,3530,5248
6415,512,6325
6416,512,6326
6417,5260,5261
6418,483,6672
6419,6673,6549
6420,4930,4931
6421,5076,5593
6422,5076,5594
6423,828,6674
6424,828,3946
6425,94,95
6426,3198,5272
6427,3198,5273
6428,3198,5274
6429,5274,6550
6430,2070,2072
6431,4433,5003
6432,4433,5004
6433,2477,2478
6434,2477,2479
6435,2477,2480
6436,6294,6551
6437,6294,6552
6438,2458,2459
6439,2458,2460
6440,2460,6523
6441,2460,6675
6442,5385,6553
6443,5385,6554
6444,2463,6294
6445,2463,6295
6446,110,6356
6447,110,6357
6448,3452,3455
6449,2126,6676
6450,3194,5790
6451,3194,5791
6452,3191,3192
6453,3191,3193
6454,3191,3194
6455,3205,4191
6456,3205,4192
6457,3205,4193
6458,5807,6253
6459,5807,6254
6460,700,707
6461,700,708
6462,698,699
6463,698,700
6464,698,701
6465,9,10
6466,9,11
6467,9,12
6468,2672,5959
6469,2672,5960
6470,2672,5961
6471,3073,3074
6472,3073,3075
6473,3075,6526
6474,632,6368
6475,632,6369
6476,106,6483
6477,2124,4401
6478,2124,4402
6479,3049,3050
6480,4127,4130
6481,4127,4131
6482,2369,4126
6483,2369,4127
6484,2369,4128
6485,6458,6555
6486,6458,6556
6487,6458,6557
6488,6448,6457
6489,6448,6458
6490,2271,2284
6491,2271,2285
6492,2271,2286
6493,2279,4250
6494,2279,4251
6495,2279,4252
6496,590,591
6497,590,592
6498,6559,6561
6499,592,6558
6500,592,6559
6501,592,6560
6502,6558,6562
6503,4275,4667
6504,4275,4668
6505,2447,4189
6506,4187,6257
6507,2002,5255
6508,2002,5256
6509,233,234
6510,233,235
6511,248,1179
6512,248,1180
6513,3307,3312
6514,3307,3313
6515,3315,3316
6516,3315,3317
6517,3288,3289
6518,247,1178
6519,6387,6389
6520,6387,6390
6521,6389,6563
6522,6389,6564
6523,3923,6283
6524,3923,6284
6525,6284,6289
6526,6388,6391
6527,6402,6403
6528,6402,6404
6529,6393,6394
6530,636,637
6531,636,638
6532,638,651
6533,638,652
6534,638,653
6535,653,2339
6536,1551,6480
6537,3617,5901
6538,3617,5902
6539,4303,4311
6540,4303,4312
6541,4303,4313
6542,6677,6678
6543,6679,6565
6544,812,3583
6545,812,3584
6546,812,3585
6547,815,816
6548,815,817
6549,815,818
6550,817,4020
6551,817,4021
6552,4569,5450
6553,4569,5451
6554,5451,6566
6555,5359,5360
6556,5359,5361
6557,4952,6444
6558,4952,6445
6559,4991,6179
6560,4991,6180
6561,2795,4981
6562,2795,4982
6563,5276,5279
6564,6541,6542
6565,6541,6543
6566,6680,6567
6567,6681,6568
6568,3933,3934
6569,3933,3935
6570,3933,3936
6571,784,785
6572,784,786
6573,784,787
6574,789,3266
6575,789,3267
6576,789,3268
6577,3268,6569
6578,2109,4721
6579,2109,4722
6580,2109,4723
6581,2101,4770
6582,2101,4771
6583,5479,6570
6584,5479,6574
6585,5479,6575
6586,6570,6571
6587,6570,6572
6588,6570,6573
6589,5489,6576
6590,5489,6577
6591,4532,5491
6592,4532,5492
6593,4573,5493
6594,4651,4655
6595,4651,4656
6596,4656,5477
6597,4656,5478
6598,4656,5479
6599,5478,5489
6600,5478,5490
6601,5490,6578
6602,5490,6579
6603,4533,4534
6604,4533,4535
6605,4533,4536
6606,5440,6580
6607,5440,6581
6608,3396,6532
6609,3396,6533
6610,3396,6534
6611,5438,5439
6612,5438,5440
6613,5439,6584
6614,5580,6515
6615,6515,6585
6616,6515,6586
6617,6488,6582
6618,6488,6583
6619,6487,6488
6620,6487,6489
6621,3679,3685
6622,3679,3686
6623,3679,3687
6624,6303,6304
6625,3528,3529
6626,3528,3530
6627,3528,3531
6628,3327,4503
6629,3327,4504
6630,3409,5145
6631,3409,5146
6632,3409,6682
6633,3170,5124
6634,3170,5125
6635,3170,5126
6636,5383,5384
6637,5383,5385
6638,5383,5386
